Item,SKU,UPC,Unit Cost,Case Size
Glade aerosol spray mighty mango 8.3oz us,CLEA031479,046500049071,1.00,6
Mr clean standup dustpan,CLEA032788,011171540899,2.50,5
Imaginext lightyear mission figures multi...,TOYS030913,194735057221,2.00,4
Aspercreme lidocaine rosemary 1.75oz exp ...,HEAL037359,041167056509,0.25,12
Rite aid simplfy dish liquid ocean breeze...,CLEA036670,011822051767,0.65,6
"Walgreens reusable latex gloves, 13"" cuff...",CLEA033587,049022833081,0.25,144
15 sqft everyday premium gift wrap -- bir...,GIFT038302,018697036356,0.50,36
Roseart wash school glue 4oz,STAT030599,072348022044,0.60,48
Popsugar double sided pillowcase,ASTV031507,740275301623,0.25,4
Conair classic wood all purpose brush  gr...,BEAU027565,074108873019,2.25,24
Cra-z-art abraham hunter 1000pc. cork puz...,TOYS035246,4895145444590,2.50,6
Goody bobby pins 60ct black ni,BEAU029858,041457015384,0.45,72
Good cook pro basting spoon,HSWE036642,076753057639,1.00,24
Got2b color metallics m65 ultra deep red,BEAU032808,052336923126,1.00,12
Mainstays double fruit-baller,HSWE030103,076753010399,0.25,48
Gift wrap - everyday premium heavyweight,GIFT038299,018697647323,0.30,36
Meijer sterile cotton balls 130ct ni,HEAL026741,708820657113,1.00,24
Naturezway bamboo perforated towels - 25 ...,HSWE035768,716554002956,0.75,12
Paw patrol bubble bath 24oz ni,BEAU034395,889628184633,1.00,12
Bendon tin can dice game pdq asst  6pc,TOYS035038,805219514801,0.50,6
Cocomelon straw cup 12oz ni.,HSWE031573,071463118618,0.75,12
Splash bash inflatable float unicorn ring...,SEAS029786,677869301021,1.00,24
Humane society heavy duty pet waste bags ...,PETS029085,705654018486,3.00,24
"Lush decor sherpa throw 50""x60"" universe ...",SOFT029729,848742074237,4.00,8
Bendon transformers activity and coloring...,BOOK035042,9781690235132,0.30,48
Cra-z-art pbs kids arthur puzzle assortme...,TOYS034551,4895145430142,0.75,12
"Kiwi sport laces 1pr/54""-flat/black",SOFT018234,031600666167,0.10,48
Popsugar weighted eye mask,ASTV031506,740275301616,1.00,4
"Kiwi outdoor lace 60"" round gold brown 1 ...",SOFT018256,031600701837,0.10,48
Rust-oleum stops rust spray paint 12 oz. ...,HDWE032824,020066185800,1.50,6
Pfaltzgraff 4.5in canister criss cross wh...,HSWE035458,025398224609,0.75,6
"Curad self-adherent wrap black 3"" 5yds ni",HEAL032984,193489023490,0.75,24
Pfaltzgraff 6.5in canister criss cross wh...,HSWE035459,025398224593,0.75,6
Refresh your car! air freshener vent clip...,AUTO032713,012844037876,0.25,24
Excedrin pm headache caplets 24ct exp 2/2...,HEAL032850,300672056245,0.25,24
Singer no-sew adhesive 21pc repair kit,ARTS026663,075691002343,0.25,72
"Kiwi outdr shoe lace 1pr/45""- round black",SOFT018253,031600701394,0.10,48
"Kiwi flat kids sport laces 36""/1pr- white",SOFT018239,031600666365,0.10,48
"Mainstays melamine turner, white",HSWE030110,076753004190,0.20,12
Mrs meyers tin candle mum 2.9 oz,CAND040812,808124117792,1.35,8
Equate elastic elbow support sleeve coppe...,HEAL032987,681131386975,0.50,12
"Kiwi flat sport laces 63""/1pr- white",SOFT018238,031600666310,0.10,48
Rust-oleum stops rust spray paint 12 oz. ...,HDWE032828,020066485894,1.50,6
Drizzl bug set bucket 0.11 lbs ages 5+ | ...,TOYS028783,010984058201,0.50,6
"Kiwi kid sport laces 36""/1pr-black",SOFT018236,031600666143,0.10,48
Iq treat mat reward small orange,PETS029277,012575512536,0.25,80
Hair bow 24pc sidekick,BEAU035823,740275303092,0.25,24
3 tier non skid shelf organizer,HSWE035171,843018111562,0.50,12
Masters of the universe: mega construx - ...,TOYS035873,887961886986,2.00,5
Halloween turner pumpkin 1ct ni,BAKE030670,070896163523,0.25,36
Farberware bakers advantage fine zester g...,HSWE029954,024131509645,1.50,12
Over the sink roll up drying rack w/ uten...,HSWE035180,843018113443,2.00,20
Animal planet red & white orange&white bl...,PETS029089,705654090529,2.50,36
"Kiwi flat sport laces 72""/1pr- black",SOFT018229,031600666174,0.25,48
Bendon coloring and activity book 30pg w/...,BOOK035041,805219508053,0.30,84
Kiwi boot cleaner 4floz us,CLEA033877,031600270104,0.50,12
"Kiwi outdr shoe lace 1pr/45""-rnd rrown",SOFT018257,031600662114,0.10,48
"Kiwi outdoor shoe lace round brown 54"" 1 ...",SOFT018255,031600701813,0.15,48
"Franklin 9"" blue neogrip baseball glove w...",SPOR035783,025725434947,4.00,6
Mikasa gourmet basics rope 14in white pap...,HSWE035460,025398218394,1.25,2
Allrecipes artisan ebtb blends set of 3,FOOD033610,037531080324,2.00,6
"Kiwi flat sport laces  63""/1pr-black",SOFT018240,031600701684,0.10,48
Rite aid 100ct  alcohol prep pads sterile...,HEAL039218,011822515665,0.65,30
Barbie minland tray 75pc,TOYS038250,194735245222,70.00,1
Mattel greedy gator game,TOYS031227,194735172412,5.00,3
Paris hilton 22oz hydration bottle w/ str...,HSWE038512,850042710647,3.00,6
Road trip usa wordsearch puzzle 192pg pp ...,BOOK033228,9781667200712,0.75,64
Warheads ooze chewz ropes theatre box 3.5...,FOOD036870,32134212264,0.45,12
Gibson home 8pc melamine nesting food sto...,HSWE036885,085081541789,4.00,4
Glade large candle wintery balsam fir 16o...,CAND037964,10046500042925,4.25,1
Pj masks: mighty masks - paperback colori...,BOOK030501,9780794447502,0.30,24
Good cook everyday ice cube tray,HSWE036647,076753166805,1.00,48
Goodcook 36pc corn skewer clip strip,HSWE030173,076753125857,0.50,1
"Lush decor sherpa throw 50""x60"" camouflag...",SOFT029739,848742074831,4.00,8
Evercare 100lyr lint roller,HSWE038812,070982003344,1.65,48
4pc good cook rectangle 4 cup storage,HSWE037989,076753108898,2.00,6
Good cook pro tongs,HSWE036645,076753057967,1.20,24
Crayola project xl poster marker - red ni,STAT028992,071662183615,1.20,12
"Kiwi outdr lace 1pr/72""-dark brwn /leathr",SOFT018247,031600667102,0.10,48
Playtex silicone pacifier with cover 4pk ...,BABY030235,094606088449,1.00,36
Goody pretty in pink collection 42ct disp...,BEAU035909,041457954195,0.65,42
Franklin  ping pong balls  40mm  12ct,SPOR035781,025725413676,1.00,6
Paper mate inkjoy rollerball fine point p...,STAT040374,071641127623,0.30,48
Disney: alice in wonderland paperback 32p...,BOOK033214,9780794446536,0.30,80
Paris hilton 22oz hydration bottle w/ str...,HSWE038513,80042710668,3.00,6
Puzzle collector gaurdians of the lake 10...,TOYS037937,4895145436151,2.50,6
"Snoozzy glam pet donut faux fur pet bed 26""",PETS035656,029695808968,7.00,4
Carson de losa take along springtime acti...,BOOK029477,9781483850955,0.30,24
"Barbie pop star doll 12"" ni",TOYS038859,194735277582,4.50,4
Good cook measuring spoons 4ct set wholesale,HSWE037406,076753043496,0.40,72
Method daily zen conditioner 13.5oz,BEAU038106,843536108204,2.00,12
Method daily zen shampoo 14oz,BEAU038101,8436108198,2.00,6
"Kiwi dress laces 27""/2 pr-rnd/brown",SOFT018243,031600663241,0.10,48
Pj masks: hooray for christmas! - paperba...,BOOK030500,9780794443948,0.30,48
Seventh generation dish fast rinse spray ...,CLEA035888,732913451678,2.00,24
Good cook 4pc measuring cup,HSWE038830,076753057523,0.85,8
Squasherz 13 asst 6in x 7in,TOYS038471,840023710537,0.60,24
"Franklin flexi cones 4ct/ 9"" soccer, base...",SPOR035791,025725097258,1.50,6
Multi pattern plastic hose nozzle,LAWN036958,843518047231,0.75,16
Fatcat catfisher doorknob hanger,PETS035695,792196100151,1.00,12
Got2b color metallics m64 purple night,BEAU032809,017000339443,1.00,12
Ready 2 robot pilots - assorted,TOYS030926,035051554004,0.50,12
Multipet happy birthday cake 6 candles  d...,PETS039371,784369271836,1.80,60
"Kiwi select sport shoe laces 1 pair 45""ov...",SOFT029039,031600003009,0.25,48
"Kiwi sport laces 54"" 1 pair flat white",SOFT029032,031600003047,0.25,48
"Kiwi outdoor lace 72""/1pr-round/brown",SOFT018248,031600664163,0.10,48
"Cloth round trivet 9""-asst colors",HSWE013199,044712000828,0.75,48
Good cook 4ct measuring spoons cdu - 12pc,HSWE037435,076753198653,6.50,1
Naturezway 10pk plastic forks - silver,HSWE035333,071582300512,0.20,100
Bendon boys rule activity and coloring  b...,BOOK035043,9781690200444,0.30,48
The hair lab shampoo 11oz - moisturizing,BEAU034902,810093660025,0.75,24
Farberware colourworks 8 inch mini bastin...,HSWE034489,024131492688,0.50,24
Allrecipes .88 oz smoked paprika,FOOD033617,037531076358,0.50,18
Blippi: pets - board book  pp$9.99 us / $...,BOOK030512,9780794445492,1.00,42
Placker's gentle line floss picks 75ct ni*,BEAU039041,651080301282,0.80,72
Baking cup black mini 50 ct ni,BAKE033878,070896072979,0.10,24
Gibson home 11in frying pan - black gray ...,HSWE036889,085081593528,6.50,12
3pk green grown straw cups - girl,HSWE035968,071463068432,0.50,24
12ct persil proclean ultra pacs,CLEA042208,024200055318,3.15,6
Chesapeake bay jar candle bohemian teakwo...,CAND038314,041226248319,3.50,4
Fatcat classic appeteasers 2ct,PETS035697,792196500272,0.30,12
Refresh your car! winter berries vent sti...,AUTO032716,012844043020,0.25,24
Disney: mickey's best slumber party paper...,BOOK033215,9780794444617,0.50,80
Pet bowl - lattice aqua - medium 6dx2h,PETS030780,738215372611,0.75,12
Farberware bakers advantage spatula ni,HSWE029962,024131509577,1.30,12
Little ready reader's wild animals book 1...,BOOK029361,9781731613219,0.55,60
Build the train - hardcover pp$19.99 us /...,BOOK030527,9781684123377,2.75,8
Rite aid 24hr allergy relief tablets 14ct...,HEAL039243,011822999007,0.25,24
Fisher-price wooden jigsaw puzzle,TOYS038254,194735238583,1.75,20
Masking tape 0.75in x 20yds,STAT036925,049022157583,0.25,48
Venari 20 panel soccer ball #5 black teal...,SPOR035747,752044439819,2.50,24
Petmate ultra lightweight bowl md 2cup,PETS035735,029695230783,0.30,12
Quirky kitty spicy meowgarita 2pk,PETS035696,780824166501,0.30,24
Jw treat pod nylon lg,PETS035715,618940461258,1.50,24
"Wild eats water buffalo tuffie 8"" 2pk bes...",PETS035682,611403706859,2.00,12
Byo 4pk plastic cup set girl ni,HSWE035894,844983069483,1.00,9
Robitussin elderberry adult cough syrup 4...,HEAL038313,300313018502,1.00,24
"Kiwi style laces 45""/1pr-oval/grey",SOFT018258,031600701431,0.10,48
Vanness raised feeder bowl blue,PETS029098,079441020021,1.00,6
I wet my plants small planter,HSWE031945,672649227065,0.50,32
"Blippi: brush, brush, brush your teeth - ...",BOOK030514,9780794446611,0.75,38
Essence of beauty face 2ct round sponges ...,BEAU028570,050428050132,0.30,144
"Ames 2-piece garden tool set - (prop-65, ...",LAWN036750,49206132559,5.00,16
Rite aid nighttime severe cold & flu reli...,HEAL039264,011822379885,0.60,12
Better than marinade everything seasoning...,FOOD039042,098308243830,0.25,6
Rite aid invisible tape 1/2 x 450in,STAT036935,011822360678,0.30,144
Naturezway 6pk medium plastic plates w/ri...,HSWE035338,071582300611,0.75,24
Craft fall ribbon assorted colours & size...,GIFT036120,079856585542,0.25,20
The hair lab conditioner 11oz - well-bala...,BEAU034910,810093660049,0.75,24
Funko ted lasso party game ni,TOYS032229,889698634137,1.00,4
Eagle home kids beanie hat&glove set asso...,SOFT026152,071582080032,0.65,48
"Disney: minnie's starry, starry night pap...",BOOK033217,9780794445270,1.00,80
Kiwi no tie shoelaces 1pr-blue/whte,SOFT004960,031600001975,0.15,48
"Kiwi style laces 54""/1pr-oval neon pink",SOFT018259,031600702353,0.15,48
"Kiwi style lace 45""/1pr-oval/brght red",SOFT018270,031600702186,0.10,48
Mccormick gourmet dill seed organic 1 oz ...,FOOD030007,052100035376,0.50,36
Karma's world: time to freestyle! activit...,BOOK030517,9780794450564,0.50,24
Little ready reader's emergency vehicles ...,BOOK029356,9781731613349,0.55,60
Artskills knitting needle size9-10 inch 5...,ARTS022111,672125069080,0.15,72
Method deodorant coconut twist 2.65oz us,BEAU037322,843536109362,3.00,24
Rite aid 12hr severe nasal relief spray w...,HEAL039391,011822693110,0.40,144
Rite aid junior strength ibuprofen chewab...,HEAL039254,011822489386,0.75,144
Rite aid daytime severe cold & flu relief...,HEAL039247,011822555616,0.60,12
Rite aid pain relief acetaminophen/ibupro...,HEAL039239,011822781015,0.30,24
Goldtoe 6pk crew socks meelanch pp$22.00 ...,SOFT036872,192370585468,4.00,24
Jetstream 2pc luggage set w/ 2 packing cu...,HSWE036462,067914122341,40.00,1
Naturezway 6pk medium plastic plates w/ri...,HSWE035336,071582300666,0.75,24
Christmas sleigh 12 book box set,BOOK036856,9781800583955,5.00,4
Good cook ns 9in pie pan cdu,BAKE037436,076753040358,2.00,18
Better home plastic easter tablecloth 52'...,HSWE035002,044712003294,0.25,144
The hair lab conditioner 11oz - deep cond...,BEAU034906,810093660032,0.75,24
Disney minnie mouse: little women paperba...,BOOK033211,9780794449780,1.00,80
"Khaby's khasa garlic crusher, stainless s...",ASTV031515,740275302279,0.30,4
Sponge bob sticker activity,BOOK035977,838157001331,0.75,48
Chapstick rose/mint/almond spa 3ct .45oz ...,BEAU038973,336600296346,1.50,72
Rite aid 24hr allergy relief anthistamine...,HEAL039258,011822024044,0.40,36
Strawberry shortcake 2 pocket poly portfolio,STAT037909,087508246987,0.20,24
Naturezway 6pk small plastic plates w/rim...,HSWE035337,071582300628,1.20,24
Mrs meyers soy candle apple cider 7.2oz us,CAND038791,808124115927,3.50,2
Rubbermaid 3pk take along 2.35c divided s...,HSWE038172,071691537724,2.00,8
Dockers 3pk crew sock - black ht ni,SOFT036877,1252152225445,2.75,24
Microgold dual-action disinfectant & anti...,CLEA035579,856954000944,0.75,6
Disney mickey mouse: dracula paperback 32...,BOOK033210,9780794448493,0.30,80
Disney tim burton's the nightmare before ...,BOOK033212,9780794450977,0.30,80
Kiwi no tie shoe laces 1pr-prpl/pnk,SOFT004959,031600001968,0.10,48
"Khaby's khasa bowl hugger houseware, bulk...",ASTV031516,740275302255,0.50,4
Suave bamboo & hibiscus shampoo 12.6oz,BEAU038971,383711001277,1.50,6
Firefly kids flouride mouthwash w/pump pa...,BEAU038969,840204485346,1.50,4
Alligator plush with squeaker pet toy,PETS035235,738215381996,2.50,12
Freshly rosemary leaves  1 oz bb 8/7/28,FOOD038045,6281063884033,0.75,12
"Franklin 9.5"" graphite pink  pvc baseball...",SPOR035794,025725419425,4.00,6
Franklin mlb 5pc throw-down rubber base set,SPOR035790,025725019854,6.00,6
"Rectangular chalkboard plaque   black 2""x...",HSWE034857,727875239310,0.20,48
Seal-it photo mailer envelope 5.75inx8.5in,STAT026373,079331000508,0.20,144
"Kiwi kids sport laces 36"" 1pair oval black",CLEA028513,031600701707,0.30,48
Scunci wild primrose hair scrunchie 1ct/ni,BEAU017267,043194125210,0.20,48
Khaby's khasa taco holder set 4ct,ASTV031514,740275302248,0.50,4
Caldrea linen & room spray sweet pea 16oz,CLEA033335,808124170032,3.70,6
Rite aid pain relief acetaminophen extra ...,HEAL038148,011822030311,1.20,144
Method deodorant daily zen 2.65oz us,BEAU037323,843536109355,3.00,24
All recipes nylon hndle basting brush blk ni,HSWE035443,024131495023,0.50,36
Naturezway 6pk small dessert plastic plat...,HSWE035347,071582300680,1.20,24
3pc dish cloth,HSWE035173,843018116970,0.55,16
Plastic microwavable omelet maker,HSWE035160,190131121276,0.50,48
Black wolf daily conditioner - 12 oz. ni,BEAU035821,850021340544,1.80,30
Humane society plush wild tiger/hipo/gaze...,PETS029086,705654090420,2.30,36
Hyper pet hyper chewz bone dog toy,PETS035718,012575198624,1.00,12
"Marquee chalkboard plaque   black 2""x3.5""",HSWE034858,727875239334,0.20,48
Roadtriporama cat toy blind box 18pc pdq,PETS033158,029695507519,0.20,108
Eagle home kids headband/ear warmer assor...,SOFT026150,071582080001,0.25,48
Byo plastic kids tumblers 12oz 3ct assort...,HSWE029957,844983073879,1.00,9
Classic westerns - leather bound  pp$24.9...,BOOK030529,9781684120970,2.00,8
5ct gift tissue - gold stripe,GIFT036165,078228170737,0.75,144
Allrecipes .07oz. whole bay leaf,FOOD033618,037531076372,0.50,18
"Crayola pops 3d inflatable character, min...",TOYS036078,071662212384,1.40,12
Rite aid anti-diarrheal loperamide hydroc...,HEAL039257,011822729246,0.65,24
Rite aid hemorrhoidal relief suppositorie...,HEAL039252,011822001298,0.30,144
Rite aid pain relief acetaminophen caplet...,HEAL039241,011822420471,0.25,72
Suave dry shampoo rosemary & mint 4.3oz,BEAU039031,383711001291,2.25,12
Diamond gold dig it 6pk,TOYS038482,728192528477,0.60,24
Vibrant life large reflective bones colla...,PETS035672,681131167345,0.75,24
Vibrant life  small reflective bones coll...,PETS035664,681131167178,0.30,36
Cr gibson honeycomb hive recipe tin w/ 12...,HSWE036609,009292896056,2.50,2
6pk green grown straw cups- neutral,HSWE035966,071463068456,0.75,12
Better home deluxe tissue box holder asst...,HSWE035005,044712000972,0.10,108
Freshly whole coriander 1.80 oz bb 12/6/27,FOOD038048,6281063450863,0.25,12
Freshly celery salt 4.80 oz bb 10/27/28,FOOD038042,6281063881995,0.75,12
Water buffalo steak bone dog chew 2oz bb ...,PETS036420,611403707849,0.20,20
Vibrant life  large reflective bones coll...,PETS035669,681131004497,0.75,24
Franklin knee elbow guard,SPOR035796,025725273669,0.75,6
Love corn 21 ct variety pack sea salt & s...,FOOD035568,855596007342,0.25,240
"Ceramic treat canister 4"" x 6.5"" - gray t...",PETS035073,072456121073,1.65,6
"Oval chalkboard plaque   black 2""x3.5""",HSWE034860,727875239327,0.10,48
"Decorative chalkboard plaque   black 3.5""x2""",HSWE034859,727875239341,0.20,48
The hair lab conditioner 11oz - lightweight,BEAU034908,810093660056,0.75,24
Allrecipes .78oz curry powder,FOOD033616,037531076327,0.50,18
Best nurse ever metal ornament,SEAS032094,703800022950,0.50,96
Kiwi style no-tie laces 1pr-boingz black,SOFT018269,031600635019,0.15,48
Halloween cookie cutter grippy ghost 1 ct ni,BAKE030658,070896163530,0.05,36
"Southbend worm gear 24"" spinning dock combo",FISH031728,039364381418,7.00,6
Oven mitt 13 inch asst prints,HSWE021297,044712003416,1.20,144
Franklin eye black stickers,SPOR035784,025725376360,3.00,6
There's a chance mug 13.5oz,HSWE032368,672649868138,1.00,24
"Marvel 10"" figure -- black panther.",TOYS041430,630509805112,2.00,8
Tmnt 40th anniversary michelangelo plush ...,TOYS038958,053941126391,6.00,4
Mrs meyers soy candle acorn spice 7.2oz us,CAND038790,808124115934,3.50,2
Sprouts 200sq ft plastic wrap ni,HSWE038646,646670514845,1.50,12
Amazing squishee food s2 twilight apple 7...,TOYS038477,816560027063,0.60,72
Small gift bag - whimsy holiday,GIFT036125,018697594481,0.35,48
Colorluxe 750pc puzzle assortment,TOYS037935,4895145457972,2.00,6
Colorluxe 300pc puzzle assortment,TOYS037934,4895145458627,2.00,6
"Cr gibson 5.25"" x 8.25"" blue leatherette ...",STAT036144,009292835598,0.75,12
Vibrant life  small reflective bones coll...,PETS035662,681131004428,0.30,36
Spice trend ground cloves 0.7oz bb 5/18/28,FOOD035310,05208612,0.50,72
3ct gift bag set - frosted berry,GIFT036164,0196610181274,1.50,60
3ct gift bag set - chalet bag,GIFT036160,0196610181281,1.50,60
"Rope whale crinkle toy with bone 12""",PETS035680,192268584672,0.75,24
Keep smiling mug 18oz,HSWE031802,672649290311,1.50,24
Sp (astv) id guard police stamp roller $1...,STAT027902,097298080388,3.60,16
Animal planet whale dog toy w/ squeaker,PETS030240,705654092493,1.00,36
Petal plug refill electric diffuser oil 0...,CLEA028587,082121263656,0.50,72
Hello toothbrush starter kit white ctbm ni,BEAU030704,819156022428,2.00,24
Dg body dual tip 12ct eye shadow applicator,BEAU028588,082121802756,0.15,144
Scunci turban headband 1ct-jeweled/ni,BEAU017274,043194351923,0.30,48
The body lab fragrance dose 0.2oz - summe...,BEAU034918,810093660469,0.10,48
Tie dye hamper - blue,HSWE036429,039676397503,2.50,12
2 pc serving set,GIFT038307,192887287848,3.00,24
Rite aid cough & chest congestion relief ...,HEAL039251,011822420730,0.60,24
Plastic measuring spoons set-  assorted c...,HSWE038442,073297783888,0.65,96
Method premium candle vetiver + amber 14o...,CAND039477,843536109409,5.50,1
Venari 20 panel soccer ball #3 navy blue ...,SPOR035748,752044439765,2.50,24
Vibrant life medium reflective bones dog ...,PETS035668,681131167253,0.30,24
Vibrant life  medium reflective bones col...,PETS035665,681131004213,0.30,24
Vibrant life medium reflective bones dog ...,PETS035663,681131004466,0.30,24
Vibrant life  small reflective bones coll...,PETS035661,681131004312,0.30,36
"Red stripe embroidered bone pet mat 12"" x...",PETS035231,738215332080,1.00,12
Naturezway 10pk plastic knives - silver,HSWE035334,071582300505,0.20,100
Goody detangler brush-ni,BEAU037057,041457190456,1.65,24
Crayola 2ct brush set ni,ARTS036090,071662535223,0.15,12
Venari 20 panel soccer ball #4 black silv...,SPOR035743,752044439772,2.50,24
Jumbo gift bag - holiday oranments,GIFT036161,078228169816,1.20,60
"Ceramic treat canister 4"" x 6.5"" - teal m...",PETS035091,072456144584,1.65,6
Kiwi desert boot care kit us,CLEA033875,031600280202,3.00,12
Fatcat pack rats catnip toy 2ct,PETS033161,029695508356,0.30,72
Frida kahlo: the revolutionary painter! -...,BOOK030524,9781645174332,0.25,38
Farberware colourworks mini spoon spatula...,HSWE034977,024131473823,0.75,24
Saveur artisan nonstick rimmed baking she...,BAKE029377,850018363310,4.15,4
Sp method wood floor cleaner refill 68oz ...,CLEA026510,817939014707,6.00,6
Spinbrush kids power toothbrush monster jam,BEAU039453,766878999807,1.80,24
Rite aid laxative powder 14 doses 8.3oz e...,HEAL040732,011822393553,0.50,12
"Tmnt donatello junior  mocchi plush 6""",TOYS038965,053941128661,3.50,6
Beloved white gardenia & coconut water bo...,BEAU040558,055086016575,1.50,6
Gold dig it dino dig',TOYS039144,840023709265,0.60,44
Cr gibson n squared colorblock mouse pad.,STAT036610,009292906359,1.00,4
Franklin l superlight shinguard,SPOR035787,025725267958,2.00,6
Animal planet 4pc wand cat toy w/catnip,PETS036767,705654298024,1.50,12
Naturezway 24ct bamboo disposable forks,HSWE036687,716554009771,0.25,24
Naturezway 24ct bamboo disposable asst ut...,HSWE036686,716554009764,0.25,24
Disney baby 9oz asst minnie/mickey baby b...,BABY037370,094606330036,1.00,48
"Good cook bbq sauce pan, w/bast brsh",HSWE036646,076753101615,3.00,6
Cr gibson n squared leatherette desk pad ...,STAT036611,009292910189,1.50,10
Nexxus conditioner unbreakable care 32oz/...,BEAU035914,605592008481,6.00,3
"Kiwi select sport shoe laces 1 pair 45""ov...",SOFT029077,031600003108,0.25,48
Kiwi style no-tie laces 1pr-boingz wht,SOFT018268,031600635026,0.10,48
Bergan turbo grooming arch cat toy green ...,PETS031060,879213003159,0.75,4
Pet bowl - bad to the bone small 4.25dx2h...,PETS030785,072456141033,1.50,6
Instant nurse wine glass 16oz,HSWE031942,672649292339,0.50,16
Rainbow drink tumbler 22oz,HSWE031888,672649162373,2.50,12
What up beaches? mug 13.5oz,HSWE031795,672649155634,1.00,24
Cool gear citrus straw stirrer - 2 pc set...,HSWE030754,845604015247,0.10,24
Sp bulbhead ruby holding hands reusable m...,HDWE028672,097298047985,1.00,36
Khaby's khasa garlic peeler,ASTV031518,740275302262,0.30,4
Walnut wood pepper grinder ni kamenstein ...,HSWE035008,037531055872,5.00,4
Franks redhot burger sauce squeeze 12 fl ...,FOOD038719,041500013374,1.25,6
Sp wilt metal cookie cutter hibiscus  1ct,BAKE028004,070896081896,0.05,36
Rite aid nighttime severe cold & flu reli...,HEAL041220,011822555623,1.35,12
Good cook silicone balloon whisk,HSWE038835,076753521567,1.00,72
250ct red rose petals,GIFT038304,192887286988,1.20,48
Rite aid 3pk glue stick - 2 clear + 1 bon...,STAT036942,011822950848,0.30,48
Cr gibson 14x14 stripe desk pad,STAT036148,009292906366,0.75,12
Venari 20 panel soccer ball #4 navy blue ...,SPOR035749,752044439796,2.50,24
"Collar italian leather brown xl 17"" x 20.5""",PETS036012,079441910124,1.25,12
"Collar italian leather brown lg 15"" x 18""",PETS036011,079441910087,1.00,12
"Collar italian leather brown med. 11.5"" x...",PETS036010,079441910049,1.00,12
Dawn 4ct scrubbie cleaning pad sponges,HSWE037405,011171385261,1.65,6
Hello kids fluoride mouthwash unicorn spl...,BEAU038282,819156022275,2.00,6
The hair lab dose set 2ct 0.2oz - heat de...,BEAU034892,810093660087,0.15,48
Disney baby  8oz baby bottle w/ handle as...,BABY037369,094606030240,1.20,48
18''x32'' foldable standing hamper - pig,HSWE036445,039676982501,2.00,12
Vibrant life catnip 3pk variety,PETS035698,681131054836,0.75,24
Shower curtain rings 12ct-asst colors,HSWE013197,044712000798,0.40,72
Chicken 2pc spice set ni - 2.75oz buffalo...,FOOD035009,037531083929,0.50,6
Cra-z-art colorluxe puzzle super sushi 10...,TOYS035124,4895145436526,2.50,6
Baby 1st christmas metal ornament - blue,SEAS032140,703800022257,0.50,96
Kiwi high heel cushion 1 pair us,SOFT031694,031600668048,0.75,48
Mom's jingle juice wine glass 16oz,HSWE031944,672649301024,1.00,16
I love dogs travel mug 16oz – wholesale h...,HSWE031882,672649225528,1.50,12
Instant mermaid mug 13.5oz,HSWE031798,672649155665,1.00,24
Scunci velvet headband 1ct-berry ni,BEAU016639,043194356522,0.20,48
Sp glade  2ct refills oil  .67oz apple ci...,CLEA016052,046500130748,2.65,20
Sp pest2025 raid ant & roach 3ct  (2-17.5...,PEST037444,197981000836,7.75,6
Dr.bales dry cat food chicken flavor 14oz...,PETS040906,077234077627,0.55,12
Tie dye storage cube - blue,HSWE036426,039676123003,1.25,24
"Multipet ballhead skunk dog toy 20""",PETS040415,784369732641,1.80,12
Percara ultra moisture lotion 20oz,BEAU040034,870929009626,0.45,6
Percara cocoa butter lotion 20oz,BEAU040033,839294000126,0.45,6
Percara aloe vera lotion 20oz,BEAU040032,839294000119,0.45,6
Medline chair roll cushion ni,HEAL037390,888277728663,4.00,4
"Tmnt junior 40th anniversary  6"" 4pc plus...",TOYS038962,053941128487,3.50,1
"Tmnt bebop and rocksteady 12.25"" 2pc plus...",TOYS038961,053941126551,6.00,1
15 sqft everyday premium gift wrap,GIFT038301,018697063147,0.50,36
Venari 20 panel soccer ball #3 black silv...,SPOR035742,752044439741,2.00,24
Sesame street 2 pack pet chew toy,PETS036770,705654982886,3.00,12
Teaching tumbler 20oz,HSWE036057,672649277961,2.00,12
3pc pan and pot protector pads - mint,HSWE035165,843018113665,0.60,48
"Cramer athletic tape 1 1/2"" x 10yd, green",HEAL038090,311960751650,1.00,24
Home plus plastic 3 arm revolving sprinkl...,HDWE038181,843518047255,1.25,6
Halls honey-lemon bag 140 pc exp 3/14/26,FOOD035280,312546005969,2.00,12
Disney baby 9oz asst pooh bear baby bottl...,BABY037374,094606700204,0.75,48
Love beauty planet beloved bath bomb pine...,BEAU036380,055086011280,0.60,6
Jw cat fun fluffs,PETS035690,029695323539,0.30,96
Venari 20 panel soccer ball #3 black teal...,SPOR035745,752044439758,2.00,24
The hair lab leave-in conditioner 7oz - s...,BEAU034917,810093660223,0.75,24
"Guy harvey medium gift bag 10"" x 5"" 12"" -...",ARTS032731,643323415009,0.25,144
Buy one get one onesie 2pc twin set 3-6 m...,BABY032244,672649153418,1.50,30
Rainbow stainless steel wine tumbler 12oz,HSWE032308,672649153944,2.00,24
Best gay ever small cosmetic bag,BEAU032018,672649874580,0.75,102
Many colors stainless steel drink tumbler...,HSWE031881,672649162366,2.50,12
Drink again wine glass 16oz (error),HSWE031837,672649298843,0.75,16
Love lives here planter,HSWE031805,672649154385,1.00,18
First responder mug 20oz,HSWE031803,672649310040,1.50,16
Joie cabinet lid holders 2pack assorted c...,HSWE030320,067742398505,0.25,96
House of holland pin me down hair barrett...,BEAU016347,5011522123646,0.35,144
Medline momentum adjustable shower chair ni,HEAL032995,888277720841,35.00,2
Rite aid 48ct adult wipes unscented,BEAU039219,011822056113,0.65,12
Stay and chat mug 13.5oz,HSWE031900,672649290182,1.00,24
Beloved hand lotion gardenia 1oz,BEAU040560,055086016667,0.60,24
Beloved hand lotion cucumber 1oz,BEAU040579,055086016681,0.60,24
"Cramer 36"" elementary hockey stick – blue",SPOR038096,091158313043,2.00,6
Good cook baster-floor display-48 pieces,HSWE011682,076753108003,1.50,48
Star wars: obi-wan jedi master color/acti...,BOOK033231,9781645886495,1.50,48
Glade plugins scented oil pumpkin & ginge...,CLEA039696,197981001628,5.50,5
Rite aid nighttime cough & chest congesti...,HEAL039276,011822785990,0.25,48
Rite aid allergy relief antihistamine tab...,HEAL039259,011822420754,0.80,36
Peeler - assorted colors,HSWE038441,073297783963,0.75,96
2pc stainless steel whisk set,HSWE038438,073297774770,1.25,72
Firefly clean n'protect power toothbrush ...,BEAU039060,840204459118,1.80,24
Method premium candle violet + lavender 1...,CAND039478,843536109416,5.50,1
15 sqft everyday premium gift wrap - birt...,GIFT038303,018697463466,0.50,36
"Cramer 9"" flying disc 6 colors/bag",SPOR038097,091158502690,2.00,8
Humane society plush dog toy w/squeaker &...,PETS036772,705654070279,2.00,12
Gather 9pc cleaning set,HSWE035174,843018116987,6.00,16
3pc pan and pot protector pads - blue,HSWE035164,843018118202,0.60,48
Graphic novel bad kitty hardcover,BOOK036857,9781250865106,1.00,12
The hair lab dose set 2ct 0.2oz - anti-frizz,BEAU034891,810093660155,0.15,48
Freshly salt-free lemon & pepper seasonin...,FOOD038052,6281063452003,1.00,6
Ace utility knife pocket pack blade dispe...,HDWE036960,082901279792,0.50,20
15''x22'' foldable standing hamper - monkey,HSWE036440,039676070703,3.50,12
Allrecipes .88 oz 5 spice,FOOD036691,037531076556,0.50,18
Aluminium framed cork board 3ft x 2ft who...,STAT022743,034138853467,8.00,1
Sp astv auto  cup call crane ni,AUTO024216,097298145414,5.50,6
Tennessee onesie 9-12 months,BABY032429,672649866523,1.00,60
Love wins stainless steel tumbler 10oz,HSWE032305,672649151605,2.00,24
Proud parent apron,HSWE032039,672649292742,2.50,50
"Rainbow icon planter 4.5""",HSWE031806,672649154408,1.00,18
First responder wine glass 16oz,HSWE031768,672649310408,1.00,16
Sp astv ruby space triangles for hangers ...,HSWE024660,097298046889,1.50,16
Childs party hat 8ct-pineapple friends,ARTS018192,039938511418,0.10,72
Apron - savory bon appetit,HSWE038408,738215533876,2.35,12
Sp windex multi-surface ammonia free 128oz,CLEA037995,019800708863,6.00,4
Sp marvel mystery oil original fuel & mot...,AUTO039539,077874000139,3.50,6
Sp turtle wax speed headlight lens restor...,AUTO032526,074660532799,2.00,5
Sp turtle wax 26oz wax & dry,AUTO011927,074660010099,3.75,10
Garden flag - bucket of flowers 12.5in x ...,GARD038555,846097029650,1.50,48
"Flufflies ivory journal 5.8"" x 8.3""",STAT036664,838157006282,1.80,6
Beloved hand lotion lilac 1oz,BEAU040563,055086016674,0.60,24
Disney pixar toy story alien remix ketcha...,TOYS040698,6947731041510,0.30,24
Multipet pig (latex) w/witch hat (orange/...,PETS040419,784369525090,1.80,30
Elmers school glue purple 4oz.,STAT039328,026000186087,0.50,30
Spinbrush kids power toothbrush mermaid,BEAU039449,766878001975,1.80,24
Rite aid laxative powder 45 doses 26.9oz ...,HEAL039268,011822030038,3.00,6
"Tmnt michelangelo junior mocch plush 6""",TOYS038966,053941128678,3.50,6
"Tmnt raphael junior  mocchi plush 6""",TOYS038964,053941128654,3.50,6
"Tmnt leonardo junior mocchi plush 6""",TOYS038963,053941128647,3.50,6
Rite aid 24hr allergy relief tablets 30ct...,HEAL039244,011822999014,0.25,24
Acacia skimmer with stainless steel handl...,HSWE038451,073297780504,1.65,72
13in acacia spaghetti server ss handle,HSWE038454,073297780498,1.65,72
Acacia slotted spatula silicone handle,HSWE038452,073297779782,1.65,72
Kitchen shears - assorted colors,HSWE038445,073297783949,1.00,96
Simplify reclosable storage quart bags pl...,HSWE038649,011822164047,0.75,12
Diamond dig it diamond dash,TOYS038485,840023709319,0.60,96
Garden flag - bunny kisses 12.5in x 18in,GARD038585,846097044714,1.50,48
Pixar elio slime minis asst,TOYS038246,194735216734,2.00,6
Mini office set asst.,STAT037047,850050398615,0.25,12
Rite aid pink erasers 2ct,STAT036938,011822727662,0.25,144
Allen & roth black with jute trim outdoor...,SOFT035972,194938066228,2.00,8
Nova beverage glass sleeve set 6ct 12oz,HSWE038225,7702147208136,2.25,12
Naturezway 6pk small soup plastic plates ...,HSWE035348,071582300697,1.20,24
Better home plastic halloween tablecloth ...,HSWE035001,748209999519,0.25,144
The hair lab leave-in conditioner 7oz - n...,BEAU034915,810093660216,0.75,24
Home plus plastic ring sprinkler 800 sq. ft.,HDWE038182,843518047248,0.75,6
Mlb st. louis cardinals lava lamp speaker...,ELEC036320,810028056701,9.00,8
"Nfl chicago bears glass dome paperweight 4""",STAT034275,810079446247,4.00,12
"11"" round qx latex balloon ast 100ct quer...",ARTS033957,071444191890,2.00,10
20oz xl double wall coffee mug - floral pink,HSWE033511,665613259506,3.50,24
Ge all glass sealed beam lamp 1ct 300w,HDWE025092,043168234276,9.75,12
Meowed back wine glass 16oz,HSWE031871,672649251565,1.00,16
Hello toothbrush refills black charcoal 2...,BEAU033374,819156021988,0.25,24
Sp angel rear view mirror (bag)  ni.,AUTO024214,972981567936,0.50,14
"Yard sign-grad ""adventure begins""",ARTS018163,039938671082,0.10,36
Sip sip hooray letter banner-1ct/5.6ftx6in,ARTS018109,039938423605,0.05,72
Glade wax melts cool coconut 3.1oz us,CLEA040278,046500053399,0.60,8
Reynera angle broom with dustpan,CLEA038212,082269221303,3.50,6
"Multipet pet envy cat toy - 3.5""",PETS041846,784369573329,0.50,144
Multipet lambchop halloween dog toy w/hea...,PETS041854,784369507324,1.25,12
Sp turtle wax super hard shell finish sof...,AUTO032224,074660012222,4.00,6
180pc good cook bakeware display,BAKE038295,076753040266,640.00,1
Gibson everyday chef du jour cookware set...,HSWE038988,085081068620,17.00,4
Glade 3-wick candle embers & sandalwood 6...,CAND039397,197981001321,2.65,3
Babyganics dish soap fragrance free 32oz,CLEA040203,813277012023,3.50,2
Multipet diamond quilted fleece dog toy,PETS041246,784369941005,2.50,48
Dr.bales dry dog food beef flavor 16oz ex...,PETS040086,077234077610,0.55,12
"Mlb kansas city royals led solar torch 36""",GARD036221,810028057463,5.00,6
Gibson home bow wow meow 3pc elevated pet...,PETS040387,085081526557,4.00,3
Dove mens care bodywash winter pine + amb...,BEAU040544,011111060548,3.50,4
Goliath monster mash matching game ni,TOYS040222,8720077283237,3.50,4
"Cramer 36"" elementary hockey stick – yellow",SPOR038095,091158313029,2.00,6
Rust-oleum universal metallic spray paint...,HDWE040046,020066486440,2.00,6
Rust-oleum universal paint & primer spray...,HDWE040044,020066210144,2.00,6
Glade automatic spray refill pomegranate ...,CLEA039687,197981001147,2.40,6
Rite aid pain relief acetaminophen extra ...,HEAL039418,011822041249,0.65,36
Rite aid toothbrush holders 2ct,HEAL039275,011822234399,0.35,144
"Spalding 12"" dual action air ball pump",SPOR039122,689344407463,2.50,48
12in acacia spatula silicone handle,HSWE038449,073297779737,1.65,72
Madagascar bean organic vanilla paste 2 o...,FOOD039062,085981919336,2.50,36
Extendable bbq turner,HSWE038440,073297775739,1.15,96
Flag tab set asst.,STAT037046,850050398608,1.20,30
Garden flag - home of the free 12.5in x 18in,GARD038536,846097030748,1.50,48
Venari 20 panel soccer ball #4 black teal...,SPOR035746,752044439789,2.50,24
Goldtoe 3pk mens lowcut socks charcoal sz...,SOFT035419,5056245838736,3.35,24
Say what? 68pc gift tags - assorted,SEAS036053,672649847003,0.10,272
Lexington rocks glass sleeve set 6ct 10.5oz,HSWE038224,7702147205401,2.25,8
Sodera shot glass sleeve set 6ct 2.75oz,HSWE038223,840325002026,2.00,12
Naturezway 24ct bamboo disposable spoons,HSWE036688,716554009788,0.25,24
9''x14'' foldable waste basket - lady bug,HSWE036432,039676950029,1.00,36
12-month undated daily planner 5.75 in x ...,STAT038337,9781645177227,2.00,20
"Cramer athletic tape underwrap 2 3/4 "" x ...",HEAL038094,311960689397,0.40,3
"Cramer self stick athletic tape 2"" x 5yd ...",HEAL038085,311960752121,0.40,24
Hot wheels: unleash the speed sticker boo...,BOOK038336,9780794451059,1.00,48
The hair lab dose set 2ct 0.2oz - curl de...,BEAU034890,810093660278,0.15,48
Medium cut compound 2oz rebuild,AUTO006334,074660508787,0.05,48
Wax shop medium compound 2oz sample,AUTO006333,074660508756,0.05,48
Ncaa washington huskies lava lamp speaker...,ELEC036296,810028053571,6.00,8
"Nhl seattle kraken lava lamp speaker 16.5""",ELEC036245,810028055421,6.00,8
Nhl montreal canadiens lava lamp speaker ...,ELEC036902,810028053656,8.00,4
Nhl tampa bay lightning lava lamp speaker...,ELEC036247,810028053717,9.00,8
"Cork journal 5.8"" x 8.3""'",STAT035990,838157005629,1.80,6
5ct gift tissue paper - ombre blue,GIFT038300,018697164493,0.30,48
The hair lab dose set 2ct 0.2oz - scalp c...,BEAU034888,810093660285,0.15,48
Loungie bean bag chair cover - stuffed an...,SOFT035318,810010643629,1.75,10
"Loungie stuffed animal storage bean bag, ...",SOFT035015,810010643650,1.75,10
Ncaa kentucky wildcats glass dome paperwe...,STAT034258,810079446711,4.00,12
20oz slim tumbler with straw & sip grip- ...,HSWE033517,665613273601,3.00,24
Mattel disney wish sidekick 36pc,TOYS031330,194735169962,1.65,36
Sp bulbhead ruby holding hands deluxe 8pa...,STAT028685,097298048517,2.25,36
Georgia metal ornament,SEAS032049,703800022066,0.50,96
Good day tea towel,HSWE032176,672649152794,1.00,54
Money: it gets shit done ceramic bank,HSWE031941,672649874399,1.00,48
All for love stainless steel wine tumbler...,HSWE031872,672649162380,3.00,12
Love always wins mug 18oz,HSWE031799,672649155689,1.50,24
Monday shot glass,HSWE031769,672649885067,0.25,72
Metal dual-sided hanging rack w/ pegs,HSWE031761,703800072474,1.00,4
Sp ruby space saving white triangles 54-p...,HDWE026584,17114,4.00,2
Halloween cookie cutter comfort grip skul...,BAKE030657,070896037428,0.05,36
Eveready tactical light set 2ct,ELEC039582,039800136640,3.00,10
Wilton cake circles gold 10in 3ct,BAKE020640,070896143280,0.55,3
Sp turtle wax interior multi-purpose clea...,AUTO014907,074660104408,3.00,12
Multipet bamboo dog chews chicken leg (ny...,PETS041242,784369514063,1.00,24
"Coffee scrubs sign 4""x4""",HSWE032372,672649158819,0.30,40
Purina zuke's trailmix peanut butter and ...,PETS042031,613423001402,3.00,6
Energizer max aa alkaline batteries 8-pack,ELEC042481,039800143853,3.00,14
Ziploc endurables container 2cups/16oz us.,HSWE040880,025700009238,1.50,4
Sp turtle wax - car wash & wax 100oz,AUTO036730,074660538708,4.80,4
Sp turtle wax headlight lens restorer hea...,AUTO041966,074660002407,5.00,8
Sp marvel mystery oil synthetic motor tre...,AUTO032222,077874538359,4.30,8
Glade plugins smart light warmer + 1 refi...,CLEA041409,046500029943,3.90,5
Boneless mega ramp,TOYS040934,042409669525,5.00,6
Glade plugins scented oil tranquil lavend...,CLEA041406,046500055881,1.25,12
Glade plugins scented oil sky & sea salt ...,CLEA041405,046500055843,1.25,12
Glade plugins scented oil cashmere woods ...,CLEA041404,046500055874,1.25,12
Mccormick flavor maker caesar seasoning m...,FOOD041441,052100059099,0.25,12
Mccormick flavor maker green goddess seas...,FOOD041442,052100059129,0.25,12
Feelin' frisky silicone wine cup 12.5oz,HSWE031877,672649277855,0.50,120
Barbie mini barbieland color reveal doll,TOYS041427,194735250981,0.50,10
Disney pixar lightyear hyperspeed series ...,TOYS041429,194735069309,1.00,6
Barbie mini barbieland pop reveal doll,TOYS041428,194735274802,0.50,10
T-shirt - adult -purple - m,SOFT039101,752044021014,1.00,72
Junior mints hearts  3.5 oz bb 10/31/26,FOOD041152,071720539620,0.35,12
Multipet birthday present dog toy shiny blue,PETS041245,784369487411,1.80,24
Multipet aromadog calm fleece dog toy w/s...,PETS041250,784369346039,2.25,48
Puzzle collector 300pc asst,TOYS040852,4895145435642,2.50,6
Sesame street bert plush pet toy w/squeaker,PETS036769,705654983333,2.85,36
Gibson home 2.25qt stainless steel tea ke...,HSWE038990,085081866288,7.50,6
Dark chocolate cashews orchard valley har...,FOOD040445,824295136172,2.75,6
Franklin intermediate croquet set,SPOR040647,025725395743,15.00,1
Order up fish market board game,TOYS040675,093514241113,5.00,4
Play monster craft tastic diy charm brace...,ARTS040677,811069030149,4.00,6
Beloved hand lotion lemon 1oz,BEAU040562,055086015646,0.60,24
Tangle jr pets (blistercard w/12pc. pqd) ...,TOYS040439,723459085083,1.10,24
Imaginext jurrasic world baby dino assorted,TOYS040345,194735037032,1.00,8
6pk 12-24 bluey christmas turn cuff socks,SOFT040017,193159461676,2.50,60
Razor child helmet blue 5+,SPOR039782,016751977539,4.00,2
Rust-oleum universal metallic spray paint...,HDWE040048,020066486433,2.00,6
Rust-oleum universal metallic spray paint...,HDWE040047,020066495091,2.00,6
Chicken noodle soup mix 3.77 oz bb 11/30/26,FOOD039772,810036563024,0.50,28
Purex 17ct 4in1 duo oxi + odor figther,CLEA039828,024200050986,3.35,6
Lakeaholic car coaster,AUTO031777,672649161628,0.30,216
Ikes total disease control 16oz.,LAWN039824,850031426016,2.50,12
Gibson home 9.5in frying pan - speckle ni,HSWE038986,085081593535,4.50,12
The country butcher natural dog chews por...,PETS039442,741956072290,3.00,12
Mccormick  flavor maker  pizza  seasoning...,FOOD038736,05283419,0.25,72
Babyganics bath time gift set shampoo 7oz...,BABY039464,813277014737,6.00,12
Rite aid pain relief acetaminophen caplet...,HEAL039240,011822420440,0.50,72
T-shirt - adult -royal blue- s,SOFT039108,752044020765,1.00,72
Kitchen shears assorted colors,HSWE038436,073297756585,1.00,96
Best yet 200sq ft plastic wrap ni,HSWE038645,042187403236,1.25,12
Bottle bg spinner display rack,GIFT038308,018697185696,15.00,1
Garden flag - chill frog 12.5in x 18in,GARD038571,846097032766,2.00,48
Garden flag - chalk balloons 12.5in x 18in,GARD038891,846097029476,2.00,11
Garden flag pumpkin kisses 12.5in x 18in ...,GARD038543,846097044028,1.50,48
14ct pop out streamers,GIFT038657,192887287787,2.00,18
Rawlings tee ball youth batting glove blue,SPOR038185,083321827181,3.00,36
Shipping box 9.5 x 6 x 3.75in,STAT036940,011822657266,0.60,12
Loungie stuffed animal storage bean bag -...,SOFT035013,810010643599,1.75,10
"Humane society plush dog toy w/squeaker, ...",PETS036771,705654017052,1.50,12
Better home can opener cover 6''wx10''l 7...,HSWE035004,044712001511,0.10,72
"2"" brown square rubber castor cup (4pk)'",HDWE037417,039003090763,0.60,12
Insulated tumbler w/sip lid 18oz asst colors,HSWE020823,070652216319,1.80,8
Sp ruby space saving black triangles 2/54...,HDWE027907,17113,6.50,1
Star wars: fascinating facts hardcover bo...,BOOK038340,9781684128952,1.50,40
Barbie collector's guide 96pg,BOOK038334,9780794447182,0.60,36
The hair lab dose set 2ct 0.2oz - uv shield,BEAU034898,810093660209,0.15,48
The hair lab dose set 2ct 0.2oz - rebuild...,BEAU034894,810093660063,0.15,48
The hair lab dose set 2ct 0.2oz - color p...,BEAU034889,810093660117,0.15,48
Freshly garlic powder 1 oz bb 5/14/27,FOOD038058,6281063452324,0.60,24
Ncaa mississippi state bulldogs lava lamp...,ELEC036988,810028053540,9.00,4
Ncaa mississippi ole miss lava lamp speak...,ELEC036987,810028053533,8.00,4
15''x22'' foldable standing hamper - ladybug,HSWE036443,039676997253,3.50,12
9''x14'' foldable waste basket - tiger,HSWE036436,039676950074,1.00,36
9''x14'' foldable waste basket - elephant,HSWE036435,039676950050,1.00,36
Nfl las vegas raiders lava lamp speaker 1...,ELEC036258,812081033767,9.00,8
Nhl vegas golden knights lava lamp speake...,ELEC036249,812081034764,9.00,8
"Nhl san jose sharks lava lamp speaker 16.5""",ELEC036246,810028059962,9.00,8
Nhl nashville predators lava lamp speaker...,ELEC036241,810028053663,6.00,8
Nhl new york islanders lava lamp speaker ...,ELEC036240,810028052932,9.00,8
Nhl columbus blue jackets lava lamp speak...,ELEC036230,810028059924,9.00,8
"Nhl st.louis blues lava lamp speaker 16.5""",ELEC036916,810028053700,8.00,7
Cr gibson outer space nesting boxes,STAT036163,009292895684,2.00,12
The hair lab scalp serum 3oz - purifying,BEAU034913,810093660247,0.25,30
Loungie bean bag chair cover - stuffed an...,SOFT035016,810010643766,1.75,10
Nfl philadelphia eagles tabletop inflatab...,HSWE034311,840331401578,3.00,24
Nfl los angeles rams tabletop inflatable ...,HSWE034305,840331401493,3.00,24
Nfl chicago bears cement planter -4in -empty,SEAS034048,810028052819,2.00,12
"Nfl dallas cowboys glass dome paperweight 4""",STAT034277,810079446278,2.00,12
14oz double wall stemless wine cup - pink...,HSWE033502,665613259353,2.50,24
"Silently correcting sign 4""x4""",HSWE032425,672649158864,0.30,40
Greatest mom silicone wine cup 12.5oz,HSWE031956,672649154903,0.50,120
Rainbow car air freshener 2pc,AUTO032037,672649297211,0.50,192
Mattel disney wish best friends teatime p...,TOYS031274,194735172528,14.65,1
"Westcott stencil urban underground 2""",STAT021044,088359107595,0.05,360
"Westcott stencil urban subway 2""",STAT021042,088359107397,0.05,360
Golden years bike bell,SEAS032169,672649882752,1.00,72
Bear and friends pint glass 16 oz.,HSWE032398,672649154606,1.00,16
Bursting with pride mug 18oz,HSWE032044,672649290526,1.50,24
Getting lucky mug 20oz,HSWE031988,672649881328,2.00,24
Shut up liver stainless steel slim can co...,HSWE032027,672649290489,1.50,24
Love comes in many colors mug 18oz,HSWE031930,672649290502,1.50,24
Therapy silicone wine cup 12.5oz,HSWE031876,672649277794,0.50,120
The dock father mug 13.5oz,HSWE031796,672649155641,1.00,24
My partner wine glass 16oz,HSWE031766,672649292629,1.00,16
Sorry i'm late glitter silicone wine cup ...,HSWE031758,672649350893,0.50,120
Teacher silicone wine cup 12.5oz,HSWE031754,672649297471,0.50,120
Magic silicone wine cup 12.5oz,HSWE031746,672649151827,0.50,120
Adhesive bath treads 5ct-lobster ni,HSWE019394,070631041505,0.30,96
Simple inspirations phone pockets - assorted,ELEC031733,703800023391,0.10,576
Tcd fit tech armband phone case-one size(...,ELEC016663,1920400296812,0.10,96
Ariana & bardo 2-ct sachet (pp 3x$9.99),BEAU028582,082121181059,0.50,12
"Mom, i get it now sign 4""x4""",HSWE031816,672649295699,0.30,108
"Rite aid adult wipes, 64ct",HEAL040596,011822070850,1.00,12
Glade plugins scented oil black cherry & ...,CLEA039695,197981002212,2.65,6
Sp raid max liquid ant bait 4ct,PEST031605,046500024344,3.00,14
Sp  off botanicals insect repellent plant...,PEST033575,046500002601,3.75,14
Sp ziploc bag 12ct holiday gallon slider ...,HSWE038370,025700715177,1.80,12
12pc gibson home dinnerware set - cermic ...,HSWE041683,085081562593,16.00,2
12pc gibson home dinnerware set - cermic ...,HSWE041684,085081475930,11.00,2
Gibson home stainless steel knife set 14p...,HSWE038981,085081509505,16.00,4
Rite aid pain relief acetaminophen/ibupro...,HEAL040762,011822781008,0.15,24
Mccormick apple cider finishing sugar 3.6...,FOOD041449,052100058405,0.65,72
Sp stem kills ants roaches spiders 10oz,PEST024583,046500032820,2.75,11
So natural chunk light tuna in oil 2.6 oz...,FOOD039773,810036562584,0.55,24
"Disney pixar lightyear core 5"" figure ass...",TOYS042135,194735069477,1.00,6
Multipet pet bamboo chews bowling pin dog...,PETS041847,784369514087,1.00,24
Multipet rainbow tennis ball cat toy 2 pk.,PETS041849,784369202373,0.65,144
"Fuzzu teacup fluffs asst (chipmunk, bunny...",PETS041852,784369806434,0.50,24
Extreme hold bandages antibacterial 50ct ...,HEAL041989,032251986857,1.20,24
Just for men shampoo color preserve & str...,BEAU041722,011509049704,1.25,24
2ct fridge odor absorber - baking soda,CLEA041892,817192020446,1.00,6
Scrubbing bubbles toilet cleaning dispens...,CLEA041167,025700708858,6.50,5
6pk 12-24m minnie mouse xmas turn cuff socks,SOFT040019,193159461621,2.50,60
Sp eylure london luxe 3d individuals lashes,BEAU032891,619232006263,2.40,18
Barbie miniland doll & vehicle pack,TOYS041571,194735308453,1.20,8
Mccormick red & green pepper blend 2.82 o...,FOOD041450,052100058061,0.75,6
Mccormick sunshine caribbean all purpose ...,FOOD041447,052100054834,0.35,12
Glade candle coastal sunshine citrus 2ct ...,CAND041413,046500055195,2.75,3
"Nature's corner pig ear chew .5oz., water...",PETS041373,611403706576,0.45,20
Natures corner water buffalo bully chew b...,PETS041177,611403707856,0.45,20
"Chewy rope duck crinkle dog toy 15"" bb 08...",PETS041172,192268584665,1.80,24
Smithsonian jellyfish aquarium,TOYS040956,042409512012,5.00,4
Spybots cybernetic security robot toy,TOYS040928,042409684016,5.00,6
Smithsonian wave machine,TOYS040919,042409222164,7.00,4
Glade plugins scented oil vanilla passion...,CLEA041407,046500055850,1.25,12
Boneless motorized skater ryan,TOYS040922,042409669112,1.20,6
Siren blink dart blaster,TOYS040912,042409119334,15.00,3
Mccormick perfect pinch classic italian s...,FOOD041451,052100049731,1.00,36
Crockpot 30oz soup bowl - red stoneware ni,HSWE041336,085081998095,4.50,4
Love is love apron,HSWE032038,672649297518,2.50,50
Rite aid naproxen sodium pain/fever reduc...,HEAL039427,011822420396,0.25,144
Durex 10 pack condoms air close fit exp 7...,HEAL039842,302340876445,1.25,18
Crayola color wonder coloring pad & marke...,BOOK041486,071662028510,1.80,18
Boneless motorized skater booker,TOYS040942,042409669136,1.20,6
"Disney lilo & stitch 8"" plush elvis stitc...",TOYS041353,883975189723,3.00,30
"Disney lilo & stitch 8"" plush comeback el...",TOYS041354,883975188375,3.00,30
Polaner organic raspberry preserves 10.3 ...,FOOD041370,072400680663,1.75,6
Polaner organic apricot preserves 10.3oz ...,FOOD041367,072400680670,1.75,6
Polaner organic strawberry preserves 10.3...,FOOD041371,072400680656,1.75,6
Multipet pet envy holiday dog toy,PETS041256,784369573619,2.50,48
"Dr scholl's fungal nail revitalizer kit, ...",HEAL041226,888853000664,2.00,12
Puzzle collector 1000 assortment,TOYS040854,4895145419567,2.50,6
Puzzle collector 500pc asst,TOYS040853,4895145429115,2.50,6
Franks redhot korean bbq squezze 1.7 fl o...,FOOD038700,04151532,0.25,24
Glade plug in scented oil  orange clove 1...,CLEA041165,197981005923,1.25,12
Glade automatic spray refill fig & aprico...,CLEA041160,197981001208,2.40,6
Franklin future champs inflatable boxing ...,SPOR040644,025725504046,7.00,4
5ct total home 25oz entrée storage contai...,HSWE040829,050428437827,1.80,6
Peanuts snoopy 23oz tumbler asst designs ni,HSWE040847,085081525888,2.25,4
Signature soy jar candle orange clove 15.1oz,CAND040859,644911011443,3.50,4
"Franklin all sport 7.25"" training discs 4ct",SPOR040639,025725416752,1.00,12
Space jam mini figures 4pk assorted,TOYS040377,630996145524,0.50,4
Goliath vlad & niki: blast off! game,TOYS040821,8720077210172,2.00,6
Marvel: bend and flex missions figure - m...,TOYS040819,5010993966554,1.50,8
Glade automatic spray refill orange zest ...,CLEA039686,197981001161,2.40,6
Petmate replendish pet waterer with micro...,PETS040679,029695245404,3.75,6
Signature soy jar candle lavender lemonad...,CAND040722,644911028595,3.50,4
Mccormick  asian rice bowl seasoning  4.6...,FOOD040143,05283710,0.30,72
Mrs meyers hand soap gingerbread 16oz,BEAU040805,808124120730,2.25,12
.halo master chief helmet mega plush toy ...,TOYS040591,053941124618,4.50,4
Musical blower -dinosaur,TOYS040400,677869201482,4.00,6
Electric trimmer bubble blower,TOYS040399,677869201796,6.00,6
Kid powered bubble blaster,TOYS040398,677869201727,1.20,12
Gibson home bow wow meow 3pc elevated pet...,PETS040386,085081455765,4.00,3
Tangle jr classic (blistercard w/ 12pc. p...,TOYS040438,723459087063,1.10,24
Tangle jr metallic (blistercard) assorted ni,TOYS040440,723459852180,1.10,24
5.25in gibson home stoneware cereal bowl ni,HSWE040410,085081586490,1.50,6
Oster bluemarine 10in foldable strainer ni,HSWE040234,085081061492,2.70,8
"Rite aid 200ct alcohol prep pads, sterile...",HEAL040597,011822644617,1.25,30
Conair impressions vent brush ni,BEAU040260,074108861788,1.50,24
Conair impressions paddle brush ni,BEAU040259,074108861771,2.25,24
Dove body scrub - cranberry 3.5oz,BEAU040554,011111052611,1.50,12
"Multipet that sneaky cat dog toy - 7.5""",PETS040421,784369528442,1.50,12
Dial 16 oz body wash - soothe infinite fresh,BEAU039826,017000169583,2.40,4
Mini round quiddler card game,TOYS040361,736396054005,0.25,64
Chapstick smores 3pk .45oz exp 9/30/2027,BEAU040131,305732017242,1.50,72
Chapstick strawberry icepop .15oz exp 2/2...,BEAU040129,305730716512,0.55,144
Things... schitt's creek edition party ca...,TOYS040354,093514077149,0.60,6
Nerf better than balloons core 108 pods,TOYS040363,195166254197,2.00,14
Mini round karma card game blister,TOYS040359,736396094001,0.25,8
11.8x9.1in medium stitch basket - asst co...,HSWE040404,850016009906,1.20,12
9.6x7.2in small stitch basket - asst colors,HSWE040403,850016009876,0.80,12
Suave invisible solid mango & citrus 2.6z,BEAU040390,383711002618,1.35,12
Snuggie 2 in 1 pillow & snack tray flamin...,ASTV040402,740275302446,3.50,4
4pc gift set - 3 dishtowels and gift bag ...,HSWE039968,738215543509,2.00,30
Mrs meyers large soy candle snow drop 7.2...,CAND040183,808124113664,3.50,6
Mrs meyers large soy candle iowa pine 7.2oz,CAND040181,808124113763,3.50,6
6pk 12-24m spiderman web crawler turn cuf...,SOFT040025,193159461690,2.50,60
6pc bag clips - donut ni,HSWE039882,714415772550,0.75,72
Hair brush ni,BEAU039881,714415739126,0.75,72
Sp hybrid solutions lens coat fill & seal...,AUTO039580,074660538562,7.00,6
Mccormick flavor maker mediterranean 2.7 ...,FOOD038740,05284612,0.75,72
Mrs meyers premium candle wild mint 14oz us,CAND038794,808124120471,5.50,1
Mrs meyers premium candle moonflower 14oz...,CAND039472,808124120464,5.50,1
Rite aid multi symptom menstrual relief c...,HEAL039430,011822021418,0.60,144
Rite aid pain reliever acetaminophen extr...,HEAL038127,011822511339,0.40,144
Rite aid hemorrhoidal relief suppositorie...,HEAL039253,011822001311,0.50,144
T-shirt - adult - forest green - s,SOFT039081,752044020949,1.00,72
9in silicone basting brush asst,HSWE038448,073297783918,0.80,96
The hair lab scalp serum 3oz - fortifying,BEAU034912,810093660261,0.25,30
11.75in bamboo angle spatula white,HSWE038446,073297774220,0.80,96
11.5in stainless steel skewer set,HSWE038444,073297719542,0.50,72
Large gift bag birthday,GIFT038306,018697424290,1.00,48
Garden flag - rustic bird 12.5in x 18in,GARD038554,846097029544,1.50,48
Cr gibson fruit w/ hidden pen journal',STAT036607,009292887269,1.60,3
Angry birds 2 color clip pen blue/pink,STAT035985,838157007302,0.35,144
Navy stars bean bag covers microfiber 88 ...,SOFT035032,810010643681,2.50,10
Bean bag chair cover - stuffed animal sto...,SOFT035019,810010643742,1.00,10
"Loungie stuffed animal storage bean bag, ...",SOFT035018,810010643568,1.75,10
Loungie bean bag chair cover - stuffed an...,SOFT035014,810010643704,1.75,10
Tierra cooler glass glossy sleeve set 4ct...,HSWE038221,850062787223,2.00,6
Agua cooler glass set 4ct 15.5oz,HSWE038217,850062787162,2.00,6
Teacher sign,HSWE036056,672649298010,0.30,300
Losing my mind mug 13.5oz,HSWE036041,672649290199,1.00,24
"Cramer self stick athletic tape 2"" x 5yd ...",HEAL038084,311960752138,0.60,24
Nfl new york jets small ceramic helmet,GIFT034101,812081031992,2.50,12
"Nhl chicago blackhawks led solar torch 36""",GARD036176,810028057210,7.50,6
Kiwi no tie shoe lace 3pr-black/white,SOFT018226,031600003863,2.50,16
Hallmark light up truck pillow (p. p$39.9...,SEAS023536,763795788644,5.00,4
Tierra rocks glass glossy sleeve set 4ct ...,HSWE038222,850062787230,2.00,6
"Mlb houston astros lava lamp speaker 16.5""",ELEC036309,810028056558,9.00,8
"Cramer athletic tape underwrap  2 3/4 "" x...",HEAL038093,311960689427,0.40,3
"Cramer athletic tape underwrap 2 3/4 "" x ...",HEAL038092,311960689434,0.40,3
"Cramer athletic tape underwrap 2 3/4 "" x ...",HEAL038091,311960689489,0.40,3
Barbie: big city big dreams w/charm brace...,BOOK038346,9780794448837,3.00,28
Batman word search and coloring book 120pg,BOOK038341,9781645174431,0.60,48
Adventures of an ender dragon: an unoffic...,BOOK038338,9781645178798,0.35,60
Adventures of a zombie: an unofficial min...,BOOK038333,9781645176831,0.35,60
Dog bone car air freshener 2pc.,AUTO032408,672649273581,0.50,144
"Qualatex 11"" round party balloons ast 6ct...",ARTS036588,071444198981,0.50,72
"Helium foil balloon 18""-patriotic.",ARTS005982,071444299565,0.25,100
Sp pest2025 off adults & kids aerosol & l...,PEST036971,197981001048,8.25,10
3-in-1 writing utensils 2pk white,STAT038124,850044273744,1.20,24
"1"" pressboard binder w/2pc pen set - green",STAT038121,850044273782,2.40,16
"1"" pressboard binder  w/2pc office set - ...",STAT038120,850044273812,2.40,16
"1"" pressboard binder w/2pc pen set - white",STAT038119,850044273799,2.40,16
"Mlb new york yankees lava lamp speaker 16.5""",ELEC036317,810028056626,9.00,8
Mlb washington nationals lava lamp speake...,ELEC036908,810028056749,8.00,4
"Nhl tampa bay rays lava lamp speaker 16.5""",ELEC036325,810028056718,9.00,8
"Mlb seattle mariners lava lamp speaker 16.5""",ELEC036322,810028056695,9.00,8
Mlb oakland athletics lava lamp speaker 1...,ELEC036318,810028056640,9.00,8
Mlb los angeles dodgers lava lamp speaker...,ELEC036312,810028056589,6.00,8
Mlb arizona diamondbacks lava lamp speake...,ELEC036302,810028056459,6.00,8
Ncaa north dakota state bison lava lamp s...,ELEC036278,810079442393,6.00,8
Ncaa georgia tech yellow jackets lava lam...,ELEC036267,840331422870,9.00,8
Ncaa grambling state tigers lava lamp spe...,ELEC036266,810028052833,9.00,8
Nhl toronto maple leafs lava lamp speaker...,ELEC036248,810028053724,9.00,8
"Nhl minnesota wild lava lamp speaker 16.5""",ELEC036239,810028053649,9.00,8
"Nhl anaheim ducks lava lamp speaker 16.5""",ELEC036228,810028059894,6.00,8
Nfl new york giants sand art craft kit,ARTS034176,810079448722,2.00,24
"Mlb boston red sox lava lamp speaker 16.5""",ELEC036303,810028056480,9.00,8
"Nhl florida panthers lava lamp speaker 16.5""",ELEC036236,810028059931,9.00,8
Ncaa oregon state beavers lava lamp speak...,ELEC036282,810028053557,9.00,8
Allrecipes 1.97 oz. sweet and sour spice,FOOD036697,037531079335,0.50,18
"Corner square pillow cover 18""l x 12""h",SOFT034697,20191212011891,1.00,85
Dabs patterned ceramic candle holder 6.75...,CAND034614,846478228450,2.50,12
"Corner tassel pillow cover 18""l x 12""w",SOFT034703,20191212011892,1.00,85
"Pumpkin patch led canvas print 14l x 20""w",HSWE034809,20210504095157,5.00,16
Mlb chicago cubs scratch art craft kit,ARTS034189,810079448111,2.00,47
"Nfl houston texans glass dome paperweight 4""",STAT034280,810079446315,4.00,12
Nfl dallas cowboys ceramic pumpkin helmet...,SEAS034568,810028051393,10.00,1
Nfl new england patriots glass dome paper...,STAT034288,810079446391,4.00,12
Ncaa michigan state spartans glass dome p...,STAT034262,810079446582,4.00,12
"Mlb houston astros glass dome paperweight 4""",STAT034243,810079446957,4.00,12
Nfl indianapolis colts glass dome paperwe...,STAT034281,810079446322,4.00,12
Ncaa maryland terrapins ceramic pumpkin h...,SEAS034058,810028059870,10.00,1
Nfl los angeles rams ceramic pumpkin helm...,SEAS034079,810028051478,10.00,1
Ncaa oklahoma state cowboys ceramic pumpk...,SEAS034064,810028059818,10.00,1
Colgate keep toothbrush refills charcoal ...,BEAU033401,035000996473,1.35,6
Allrecipes 1.05oz harissa seasoning,FOOD033629,037531079205,0.25,18
"Blessed grandma sign 4""x4""",HSWE032431,703800026637,0.30,40
Therapy dogs wine glass 16oz,HSWE032423,672649251633,1.00,16
Air freshener 2pack mo.  - ocean,AUTO032396,878520,0.50,192
Casual sex friday mug 13.5oz,HSWE032369,672649869456,1.00,32
Pj masks: nighttime heroes hardcover acti...,BOOK033223,9780794446802,1.50,48
Sp angel rear view mirror (bag) ni,AUTO028673,097298156793,3.50,14
Sp bulbhead floor police mop refill 6pk ni,CLEA032836,097298045400,3.00,8
Sea la vie cheese board,HSWE032159,672649291608,0.75,24
Shipwreck car coaster,AUTO032345,672649163363,0.30,216
Love is love mug 18oz,HSWE032045,672649220875,1.50,24
Love car air freshener 2pc,AUTO032036,672649297204,0.50,192
Lousiana pint glass 16oz,HSWE032402,672649875037,1.00,16
Rainbow icon stainless steel slim can cooler,HSWE032309,672649155061,1.50,24
Bridesmaid stainless steel slim can cooler,HSWE032298,672649151728,1.50,24
Best gay ever stainless steel wine tumble...,HSWE032296,672649153937,2.00,24
Pennsylvania state mug 13.5 oz,HSWE032152,672649866080,1.00,24
Always a brides made wine glass 16 oz.,HSWE032058,672649267382,1.00,16
Proud parent mug 18oz,HSWE032046,672649290519,1.50,24
Black out friday shot glass 1.5oz,HSWE031984,672649250490,0.25,72
Proud parent wine glass 16oz,HSWE031979,672649298959,1.00,16
Love in many colors silicone wine cup 12.5oz,HSWE031974,672649295637,0.50,120
Ceo mug 13.5oz,HSWE031958,672649290229,1.00,24
Seedy mf small planter,HSWE031955,672649225702,0.50,32
Drink or swim silicone wine cup 12.5oz,HSWE031948,672649291509,0.50,120
My pride toiletries bag,BEAU032022,672649155078,2.00,51
When i grew up mug 20oz,HSWE031933,672649155573,2.00,24
Dreamer mug 20oz,HSWE031931,672649151124,1.50,16
Bibbidi silicone wine cup 12.5oz,HSWE031910,672649291264,0.50,120
Half full rocks glass 10oz,HSWE031902,672649292704,0.75,24
"Straight, i'm not - wine glass 16oz",HSWE031899,672649292865,1.00,16
Men are trash silicone wine cup 12.5oz,HSWE031886,672649158918,0.50,120
Groovy mama silicone wine cup 12.5oz,HSWE031864,672649151810,0.50,120
Free spirit silicone wine cup 12.5oz,HSWE031863,672649151797,0.50,120
Grandpa rocks glass 10oz,HSWE031854,672649298997,0.75,24
Washington d.c. campfire mug 13.5oz,HSWE031830,672649221469,1.00,24
"Rainbow sheep sign 4""x4""",HSWE031827,672649162519,0.30,40
"Let your light shine sign 4""x4""",HSWE031822,672649298485,0.30,108
"Heroes like you sign 4""x4""",HSWE031818,672649295729,0.30,108
"You are beautiful sign 4""x4""",HSWE031813,672649291936,0.30,108
In my defense glitter silicone wine cup 1...,HSWE031757,672649350879,0.50,120
If found empty glitter silicone wine cup ...,HSWE031756,672649350862,0.50,120
Mermaid silicone wine cup 12.5oz,HSWE031751,672649249098,0.50,120
Tablecraft rectangular bowl 20oz 6.9x4.25...,HSWE022661,727875227126,2.00,48
"Hllmrk hanging frame sign 5x3""($12.95)lov...",HSWE016815,763795308088,1.50,64
Hallmark trinket box-gem gold / ni,HSWE016808,763795333851,1.50,24
Magnet display,DISP032322,672649262998,1.00,8
Wilton cookie grippy skull 1pc ni,BAKE030660,070896492517,0.05,36
Baby talk pacifier clip – bulk pack for w...,BABY031848,672649229106,0.10,504
She's a mermaid car coaster,AUTO031785,672649163356,0.30,216
Rainbow car coaster,AUTO031781,672649162335,0.30,216
High class trailer trash car coaster,AUTO031779,672649161703,0.30,216
Sp angel rear view mirror (bag) ni,AUTO028597,097298156809,0.50,8
Sp angel rear view mirror (bag)  ni,AUTO024126,972981568094,0.50,14
"Happi jungle party banner-""welcome baby""-...",ARTS018123,039938416805,0.25,72
Purina friskies lil soups salmon tuna var...,PETS042397,050000172962,5.00,2
Purina puppy chow tender beef dog food 4l...,PETS042493,017800100489,1.80,4
Energizer rechargeable tactical flashligh...,ELEC042483,039800133458,8.00,2
"Rayovac t2000 tactical led flashlights, 4...",ELEC042484,012800541430,8.00,4
"Energizer power bank and storage lantern,...",ELEC042482,039800143389,10.00,2
Windex original blue glass cleaner capped...,CLEA042547,019800003784,2.40,12
"Marvel: titan hero tech - 12"" iron man ma...",TOYS041931,630509281169,5.00,4
"Marvel 6"" figures - marvel avengers endga...",TOYS040726,630509811908,2.00,8
"Marvel: titan hero series power fx - 12"" ...",TOYS041929,630509611522,5.00,4
Wet brush stellar skies mini detangler ro...,BEAU042345,736658569865,2.25,24
Mrs meyers body wash lavender 16oz us,BEAU041772,808124703117,3.50,6
Conair allbrush vented paddle hairbrush a...,BEAU041885,074108862921,2.25,24
Purina zukes mini naturals turkey pumpkin...,PETS042275,613423330021,1.20,8
Purina zukes mini naturals pork 6oz bb 2/...,PETS042276,613423330557,1.50,8
Scrunci santa hat salon clip   ni,BEAU042061,043194264759,0.65,48
Scrunci bubble headband magenta   holiday ni,BEAU042066,043194265947,0.65,48
Scrunci reindeer bells headband ni,BEAU042065,043194264803,0.65,48
Scrunci candy cane headband ni,BEAU042064,043194264889,0.65,48
Conair 3-pk eye brow shaper ni,BEAU042058,074108801029,0.45,48
Conair 12-pk hair nets ni,BEAU042057,074108549341,0.25,48
Bandana bibs - whales design 3-pack,BABY042216,191153600367,0.65,36
Baby hooded towel - blue,BABY042222,191153599487,0.80,36
Baby hooded towel - pink,BABY042221,191153599470,0.80,36
3pk bandana bibs - jellyfish,BABY042218,191153600329,0.65,36
3pk bandana bibs - lion,BABY042217,191153600312,0.65,36
3pk bandana bibs - cars,BABY042215,191153600350,0.65,36
Baby blankey - duck,BABY042213,191153599753,0.80,36
Baby blankey -lion,BABY042214,191153599746,0.80,36
2pc baby set - hat and sunglasses - pink,BABY042219,191153602842,1.00,36
2pc baby set - hat and sunglasses - white...,BABY042220,191153602828,1.00,36
Wet brush mini detangler free spirit ocea...,BEAU042343,736658538007,2.25,24
Wet brush original detangler 3 assorted c...,BEAU042349,736658947106,3.00,24
Wet brush mini detangler terrain textures...,BEAU042347,736658537550,2.25,24
Wet brush detangling comb - 3 asstorted c...,BEAU042348,736658982619,1.20,36
Wet brush mini detangler endless summer r...,BEAU042344,736658469929,2.25,24
Wet brush mini detangler frost  3 assorte...,BEAU042342,736658450040,2.25,24
Wet brush mini detangler aqua ni – wholes...,BEAU042341,736658494167,2.25,24
Wet brush detangler water color floral pa...,BEAU042340,736658556131,3.00,24
Wet brush detangler digital daydream purp...,BEAU042337,736658487466,3.00,24
Wet brush speed dry metallic marble onyx ...,BEAU042334,736658546798,3.00,24
Wet brush speed dry treasured waters merm...,BEAU042335,736658578980,3.00,24
3 pack baby towels blue – wholesale | 3pk,BABY042209,191153599555,1.65,24
Wilton 9 inch tart pan,BAKE036169,070896159564,2.00,3
2oz salt & pepper set,HSWE041804,076753043120,2.00,24
Gibson home cereal bowl - blue 6in ni,HSWE038993,085081526120,1.50,6
"Marvel 7"" cuutopia plush assortment",TOYS042290,194735306749,3.50,4
"Barbie 10"" cuutopia plush assortment",TOYS042289,194735229628,4.00,4
Purina zukes trailmix chicken dog treats ...,PETS042272,613423001266,1.50,8
Sp  off botanicals insect repellent plant...,PEST042420,046500048401,3.75,14
Mini basic can opener,HSWE042140,076753118033,0.55,72
Good cook touch can opener,HSWE042144,076753204316,5.25,21
Bialetti 12in saute pan,HSWE042120,076753074421,11.00,4
Silicone spatula,HSWE042138,076753248792,0.65,72
Swivel peeler,HSWE042136,076753058773,1.20,12
3pc wooden spoons,HSWE042134,076753279000,0.80,24
Citrus juicer,HSWE042132,076753043380,1.20,8
Masher,HSWE042128,076753058926,1.50,12
Meat thermometer,HSWE042131,076753720724,1.50,72
7pc nonstick cookware set,HSWE042110,076753201902,23.00,3
Deviled egg tray w/cover  in cdu asst colors,HSWE042105,076753083805,3.25,6
8in saute pan,HSWE042118,076753061407,5.35,6
12in saute pan,HSWE042119,076753061452,10.00,6
12in fry pan - blue,HSWE042117,076753061339,9.00,6
Casabella feather duster,CLEA042130,028484673022,5.00,6
Mr clean toilet brush and plunger,CLEA042103,011171043772,5.25,4
3pk cookie sheet in floorstand,BAKE041343,076753041959,7.50,18
Scrunci comfy jaw clip ni,BEAU042060,043194203420,0.75,48
Scrunci  butterfly claw clip ni,BEAU042059,043194604135,0.60,48
Glade pumpkin & ginger scented candle 2 x...,CAND038533,197981001376,2.75,3
Sp stem zone mosquito repellent starter k...,PEST041493,197981000171,11.50,6
Maltesers chocolate malted milk balls 1.4...,FOOD040210,040000527732,0.35,162
Conair allbrush vented paddle hairbrush pink,BEAU042426,074108862907,2.25,24
"Spongebob 20"" inflatable sponge head toy ...",TOYS041433,848533010796,1.80,4
"Marvel 12"" figure black panther wakanda f...",TOYS041432,5010994104412,2.00,4
Purina zuke's adventure sticks beef & bis...,PETS042396,613423001426,1.50,8
Purina zuke's adventure sticks chicken & ...,PETS042395,613423001440,1.50,8
Pet fusion 2-in-1 cat litter scoop holder...,PETS042312,856491008496,3.00,8
6 multipurpose cube storage system grey,HSWE042265,886466477293,5.00,12
4 multipurpose cube storage system grey,HSWE042264,886466477286,4.00,12
60 sheet lint roller,HSWE042257,886466380333,1.20,24
Dish brush w/rubber grip,HSWE042261,886466398512,1.20,24
Vegetable peeler stainless steel bulk pack,HSWE042260,857198104214,1.20,24
"Washable lint roller – reusable, bulk pac...",HSWE042258,886466451439,1.65,24
"Ss marquee toilet brush, stainless steel",CLEA042263,886466381835,6.25,6
Squeegee with rubber grip – trade cleanin...,CLEA042262,886466398505,1.20,24
Disney pixar lightyear seeker squad board...,TOYS040373,194735054213,1.25,6
Disney pixar lightyear blast off blitz ga...,TOYS040372,194735056392,1.25,5
Tablecloth -  60 x 84 cozy picnic plaid,HSWE039996,738215519986,2.15,20
Huadada 1000pc. puzzle assorted,TOYS040368,567345000343,1.25,24
Assorted 500 piece puzzle - bulk pack,TOYS040370,778988679111,1.25,12
A2play solar system jigsaw puzzle - whole...,TOYS040367,5060746610098,1.80,12
8.5in silicone basting brush – bulk kitch...,HSWE042153,076753220040,0.75,72
Nylon turner kitchen utensil – bulk pack,HSWE042148,076753256810,1.20,144
Fine grater stainless steel handheld – bu...,HSWE042150,076753058797,1.80,6
Good cook can opener - manual kitchen tool,HSWE042145,076753058780,4.00,12
"10"" wooden rolling pin - 10 inch | wholes...",HSWE042141,076753038744,2.50,6
6in mesh strainer stainless steel - bulk ...,HSWE042143,076753038836,2.35,48
Nutri-grain blueberry bar 8ct 10.4 oz bb ...,FOOD042246,038000357008,1.80,12
Pop-tarts frosted cinnamon roll 8ct 13.5 ...,FOOD042238,038000292484,1.75,12
Cheez-it snap'd cheddar sour cream & onio...,FOOD042233,024100116645,2.60,5
Rice krispies treats caramel pretzel bars...,FOOD042229,038000307423,5.35,8
Rice krispies treats original bars with s...,FOOD042230,038000335563,1.75,12
Suave silk protein infusion conditioner 1...,BEAU042287,079400488909,1.35,6
Suave silk protein infusion shampoo 12.6oz,BEAU042286,079400488787,1.35,6
Suave deodorant rose petal & jasmine 2.6o...,BEAU042285,079400511997,1.50,12
Chapstick candy flavor 3-pack .45oz,BEAU042284,305736555016,1.75,72
Chapstick tropical paradise lip balm 3ct ...,BEAU042280,305732014982,1.50,72
Chapstick crisp apple carded .15oz exp 2/...,BEAU040130,305730137133,0.55,144
Chapstick ice cream lip balm 3ct .45oz (b...,BEAU042279,305736552596,1.50,72
Chapstick lip moisture spf 15 3-pack .45oz,BEAU042278,305731342505,1.50,72
Drano max gel clog remover 42floz us,CLEA041907,019800221188,3.50,8
Equate 2ct hot or cold therapy,HEAL041992,681131285735,4.00,6
Smart living ballpoint pens blue 10ct,STAT042205,041520893659,0.65,48
15in pizza stone w/ serving rack,HSWE042115,076753043014,8.00,2
Ice cream scoop in cdu,HSWE042108,076753166508,0.55,24
Serveware w/ lid in floorstand,HSWE042107,076753082006,4.25,12
Rite aid paper tape w/dispenser 10 yards,HEAL041988,011822542999,1.25,24
Cheez-it snap'd double cheese cracker 2.2...,FOOD042291,024100114238,0.85,6
Sp turtle wax headlight lens restorer kit,AUTO039519,074660202401,4.00,6
French's taco seasoning mix mild .75 oz b...,FOOD041439,041500013589,0.25,12
Cra-z-art shimmer n sparkle unzipz surprise,TOYS040451,884920250581,1.80,6
Cra-z-art barney softee dough friendship ...,TOYS040449,884920662766,3.50,3
Cra-z-art nightmare before christmas craz...,TOYS040448,884920290150,1.80,8
Spice trend poultry seasonings .45 oz bb ...,FOOD042175,05211917,0.25,72
Spice trend parsley flakes  .09 oz bb 1/2...,FOOD042174,05211713,0.25,72
Reynera lobby broom w/dustpan,CLEA041862,082269022313,5.25,4
Reynera double angled broom,CLEA041859,082269020593,5.00,6
Long handle dustpan,CLEA041858,082269022290,3.50,6
Reynera microfiber flip mop,CLEA041857,082269070147,6.25,6
"Ecotools pouf red, white & blue ni",BEAU042224,079625452655,0.60,24
Reynera magnetic broom,CLEA038215,082269020227,4.00,12
Ecotools pouf pink ni,BEAU042223,079625439151,0.60,24
Franks red hot garlic buffalo wing sauce ...,FOOD042179,041500011400,1.20,5
Ecotools pouf yellow ni,BEAU042225,079625454284,0.60,24
Ecotools pouf navy blue ni,BEAU042226,079625452341,0.60,24
Off/stem mixed pdq,PEST042308,046500018350,2.50,38
Mccormick flavor maker salmon topping sea...,FOOD042180,05285116,0.25,72
Pledge everyday clean multisurface lavend...,CLEA042188,046500036248,3.00,6
Lifesavers 12ct candy canes 5.3oz bb 02/1...,FOOD042196,030800805000,1.20,24
Refresh your car 6 pk  refined nights,AUTO042298,012844618464,0.75,24
California scents air freshners recycled ...,AUTO042296,091400042998,1.00,24
Refresh your car ring air freshner very c...,AUTO042294,012844619102,0.75,24
Refresh your car ring air freshner new car,AUTO042293,012844619263,0.75,24
Refresh your car ring air freshner lightn...,AUTO042292,012844619119,0.75,24
Refresh your car ring air freshner hawaii...,AUTO042295,12844619270,0.75,24
Ziploc holiday slider storage quart 16ct,HSWE040614,025700715184,1.65,12
Sp scunci 1-ct blue head band ni,BEAU022275,043194351831,0.50,36
Sp scunci asst color 12-ct ponytailers ni,BEAU022252,043194351251,0.40,36
6pc lemon sponges - ni,CLEA041000,067742387189,1.10,24
12pc dinnerware set - asst colors stonewa...,HSWE041834,085081291295,16.00,2
"52x90"" - printed vinyl tablecloth",HSWE040494,850023387158,2.00,24
8in oster ns red frying pan - alum ni,HSWE041687,085081488091,7.00,12
Halls cherry cough drops 14ct wholesale pack,FOOD041945,312546002906,0.25,40
6pk aluminum oblong pans,HSWE042089,603430746960,1.65,12
Starburst candy canes 12ct 5.3oz - bulk pack,FOOD042197,030800807004,1.20,12
"Pumpkin wreath 18"" pillow cover",SOFT034718,20210504101723,1.50,93
"Gobble gobble 18"" pillow cover",SOFT034722,20210504105742,1.50,70
10pk girls trolls keep it happy ns socks ...,SOFT040027,193159167417,3.50,12
Pure organic twisted fruit bites 24ct clu...,FOOD042240,190912101305,12.35,360
Crockpot 2pc mixing bowl set - linen ston...,HSWE042039,085081684028,15.00,2
Gibson stainless steel steak knives 4pc s...,HSWE042038,085081303769,6.00,6
Hefty 20ct plates - 8.6'' strawvberry pri...,HSWE041796,13700971136,2.00,9
Pop-tart protein frosted blueberry 8ct 14...,FOOD042248,038000331466,2.35,12
Nutri-grain breakfast bars assorted 48ct ...,FOOD042244,038000350016,10.20,3
Rice krispies treats homestyle bars 6ct 6...,FOOD042243,38000253775,1.90,48
Our table 9.5in pie plate - ceramic white ni,HSWE041394,444800407018,2.50,4
Crockpot 5.6qt bakeware - red stoneware ni,BAKE042040,085081475800,19.00,2
"Promoted to grandpa sign 4""x4""",HSWE032383,672649158673,0.30,40
"52x90"" printed vinyl tablecloth'",HSWE040488,850023387110,2.00,24
"'60x84"" printed vinyl tablecloth",HSWE040505,850023387134,1.65,24
13x9 cake pan with cover,BAKE041342,076753534819,4.25,12
"52x70"" printed vinyl tablecloth.",HSWE040496,850023387103,1.65,24
"52x70"" printed vinyl tablecloth",HSWE040495,850023387141,1.65,24
2pk aluminum poultry pan,HSWE042090,032251561399,1.35,12
Mccormick prepak ground cloves 0.9 oz bb ...,FOOD041456,05223310,0.25,48
Gibson home highberry 11in non-stick chic...,HSWE040237,085081509703,8.50,4
"3pc cast iron skillet set - 6in, 8in & 10...",HSWE041685,085081531643,19.00,4
Gibson aventura 3pc frying pan set - blac...,HSWE040236,085081146823,8.50,6
Oster 2l tea kettle - red ni,HSWE041835,085081687456,12.00,6
Hefty 20ct cups - 18oz strawberry print ni,HSWE041795,013700216510,2.50,12
24oz tumblers - asst colors in pdq (80ct),HSWE042330,076753291057,0.55,80
Colgate toothpaste optic white renewal hi...,BEAU041934,827854012009,4.25,24
Conair porcupine paddle hairbrush orange ni,BEAU041889,074108954206,3.00,24
Conair scunci hair elastics rainbow 34ct ni,BEAU041875,043194162642,0.60,48
Conair scunci hair elastics blonde 28ct ni,BEAU041874,043194201112,0.60,48
Conair scunci knotted hair elastics 6ct ni,BEAU041871,043194334650,0.60,48
Conair hair elastics black 60ct ni,BEAU041866,074108493446,1.20,48
Conair hair elastics 60ct ni,BEAU041872,074108493453,1.25,48
Crockpot 5.6qt bakeware - teal stoneware ni,BAKE041339,085081454898,19.00,2
Crockpot 2pc soup bowl - red stoneware ni,HSWE041337,085081466471,8.00,4
Sp windex refill 128oz-steak free shine o...,CLEA037996,019800003005,10.00,4
Jumbo pizza cutter,HSWE041798,076753201803,1.65,72
2ct greenpan essentials 8'' & 10'' frypan...,HSWE041921,885837044102,15.00,4
2ct greenpan essentials 8'' & 10'' frypan...,HSWE041920,885837044096,15.00,4
Greenpan platinum flat silicone whisk - g...,HSWE041914,885837040357,3.75,48
Pink diamond 12'' frypan w/ lid - pink ni,HSWE041918,885837046793,18.00,2
Method gel hand wash vetiver amber refill...,BEAU041780,843536110559,3.50,4
Freshly ground white pepper 3 oz bb 9/20/28,FOOD040074,6281063882169,1.00,12
Off adults & kids aerosol insect repellen...,PEST042084,197981004452,7.00,6
Sp turtle wax all surface cleaner 23oz ne...,AUTO041965,074660507698,3.00,10
Sp turtle wax detailing clay mitt,AUTO041957,614070283609,6.00,12
Sp turtle wax graphene infused to the max...,AUTO041959,074660537206,3.00,6
Glade wax melts embers & sandalwood 3.1oz us,CLEA041746,197981000911,1.00,8
Sp turtle wax speed headlight lens restor...,AUTO041924,074660534359,2.00,6
Sp turtle wax quick detailer 23 oz,AUTO041926,074660542842,4.00,6
Off mixed aerosol sidekick ppk,PEST040469,046500037627,3.50,36
Babyganics 3x laundry detergent fragrance...,CLEA042183,813277015192,6.50,1
Rite aid children's ibuprofen pain reliev...,HEAL040763,011822420822,0.40,48
Sp turtle wax odor-x 59ml kinetic new car...,AUTO041993,074660507087,2.00,22
"Disney pixar lightyear core 5"" figure ass...",TOYS042133,194735069293,1.00,6
Sp turtle wax inside & outside ceramic de...,AUTO041969,074660543825,3.00,6
Sp wax shop snow foam car wash 128oz-cherry,AUTO041923,074660508862,7.00,4
"Multipet loofa w/bandana (red, blue) dog ...",PETS041853,784369527643,2.00,12
"Multipet paw town lambchop dog toy 6""",PETS040425,011822001861,1.25,72
Tablecloth -  52 x 52 island palm printed,HSWE039990,738215545138,2.15,12
Collapsible silicone steamer ni,HSWE040994,067742291318,1.00,72
Spice trend fennel seed .65 oz bb 5/15/26,FOOD038707,05207817,0.10,72
Sp off!  insect repellent 9oz clean feel,PEST041829,046500045042,4.50,12
"Coffee mat 12x18""-asst prints/colors",HSWE013203,044712040626,1.20,48
"Dish drying mat 12x18""-asst colors",HSWE013204,044712040152,1.20,72
Multipet pet envy rainbow fish cat toy,PETS041848,784369573336,0.60,144
"Marvel: titan hero tech - 12"" captain ame...",TOYS041930,630509280735,5.00,4
3pk aluminum loaf pan,HSWE042088,603430746946,1.00,12
Rite aid finger sleeve 12ct,HEAL042025,011822139496,0.25,48
Flex head hydro blue hairbrush-ni,BEAU009765,074108955104,2.40,24
"Rite aid finger splint,2 pk",HEAL042027,011822553544,0.30,72
Heavy duty bandages assorted 30ct,HEAL041990,32251986864,0.65,24
Clear bandages 30ct,HEAL042028,032251986932,0.45,24
Bandages finger and knuckle 20ct,HEAL042026,032251986871,0.45,24
Rite aid children's ibuprofen pain reliev...,HEAL040757,011822520119,0.30,24
Rite aid children's allergy relief bubble...,HEAL040761,011822420570,0.25,24
Greenlife cutting board set - 8x12'' & 10...,HSWE041963,885837015980,4.00,20
Greenlife cutting board set - 8x12'' & 10...,HSWE041913,885837023831,4.00,20
Greenlife cutting board set - 8x12'' & 10...,HSWE041912,885837035995,4.00,20
Greenlife cutting board set - 8x12'' & 10...,HSWE041911,885837035988,4.00,20
"18x120"" beige shelf liner",HSWE040530,850023387363,5.00,12
Cheez-it original cups 2.2 oz tray ni bb ...,FOOD042002,024100127788,0.70,10
Cheez-it snap'd cheddar sour cream & onio...,FOOD042000,024100114870,1.80,6
Just for men shampoo color preserve & str...,BEAU041723,011509049711,1.25,24
Sp marvel air tool oil 32oz,AUTO039605,077874100853,4.37,6
Nhl arizona coyotes hockey puck dog toy ni,PETS041605,849790187795,1.50,36
Nhl arizona coyotes hockey stick dog toy ni,PETS041604,849790187863,2.25,36
Nhl  st.louis blues peanut bag dog toy ni,PETS041589,849790187832,1.00,36
3pc cheese serving set,HSWE041806,076753102322,5.50,36
12in tongs,HSWE041801,076753258777,0.80,144
10in rolling pin,HSWE041800,076753213004,2.75,6
Good cook sifter,HSWE041799,076753206068,4.50,36
Sp turtle wax mister cartoon lvp leather-...,AUTO039712,074660542552,3.00,10
18''x28'' set of 2 dishtowels - home is w...,HSWE039963,738215552365,1.65,48
Sp turtle wax mister cartoon interior & e...,AUTO039512,074660542583,3.60,6
Sp mister cartoon so fresh odor eliminati...,AUTO039515,074660542309,2.00,12
Sp turtle wax ceramic inside job 473ml /16oz,AUTO039504,074660537893,3.00,6
Sp. marvel mystery oil the original fuel ...,AUTO039498,077874000122,2.50,18
Sp turtle wax 16oz wax & dry,AUTO039713,074660508671,4.00,6
3cup sifter w/ crank,HSWE041805,076753043922,2.50,36
Cryopak reusable ice/hot pack 1ct(pp$3.00),HSWE041721,059245220025,0.80,12
2ct fridge odor absorber - lemon,CLEA041894,817192020422,1.00,6
Confetti 1ct foil starry night,ARTS041650,039938909222,0.25,144
2ct fridge odor absorber - vinegar,CLEA041893,817192020439,1.00,6
Hat child 8ct space blast,ARTS041641,039938113872,0.25,72
Mlb oakland athletics bat dog toy ni,PETS041613,849790188020,2.00,36
Nfl tennessee titans nylon football dog t...,PETS041607,849790188013,1.80,36
Nfl tennessee titans field dog toy ni,PETS041606,849790187993,2.00,36
Mlb oakland athletics nylon baseball rope...,PETS041614,849790188037,1.50,36
Nhl  st. louis blues hot dog dog toy ni,PETS041591,849790187849,1.25,36
Nhl  st.louis blues hamburger dog toy ni,PETS041590,849790187818,1.50,36
Nhl  st.louis blues bottle dog toy ni,PETS041588,849790187801,1.50,36
Nhl  st. louis blues dental tug dog toy ni,PETS041587,849790187924,2.25,36
Nhl  st.louis blues hockey puck dog toy ni,PETS041585,849790187825,1.50,36
Nhl  st.louis blues 3 pc cat nip toy set ni,PETS041592,849790187757,1.50,36
Wonder wedgie mop starter kit - mop. pole...,CLEA041797,861447000233,6.50,10
Ncaa michigan state helmet tough dog toy ni,PETS041612,849790187917,2.50,36
Nfl houston texans nylon football dog toy ni,PETS041611,849790187887,1.80,36
12in oster ns red frying pan - alum ni,HSWE041689,085081488152,12.00,12
12in all purpose pan w/ lid ns steel .7mm...,HSWE041398,085081509710,8.50,4
16pc flatware set - ss ni,HSWE041396,085081531629,4.00,8
16pc flatware set - ss ni,HSWE041395,085081518545,4.00,8
Oster 7in foldable colander w/ handle ni,HSWE041393,085081531834,1.65,8
Sponge caddy asst - ni,HSWE040992,067742970626,0.65,120
Dino freeze pop mold ni,HSWE040990,067742171504,0.65,48
2pc ic cream sundae cups ni,HSWE040997,067742217172,0.80,96
Orajel fast acting cold sore cream .125oz...,HEAL041727,310310384012,1.00,24
Glade wax melts balsam & spruce 3.1oz us,CLEA041745,197981000928,1.00,8
Glade automatic spray refill bourbon & ci...,CLEA041827,197981001192,2.40,6
Glade wax melts vanilla caramel twist 3.1...,CLEA041749,046500052743,1.00,8
Sp eylure pro magnetic manetic eyeliner &...,BEAU041715,619232007260,2.25,12
100 flex straws,HSWE041700,076753042598,0.70,144
Rayovac fusion aaa alkaline batteries (12...,ELEC041816,012800539956,4.90,24
Nhl  st. louis blues #1 fan dog toy ni,PETS041586,849790187771,1.50,36
Kitchen soap caddy ni,HSWE039865,714415713805,1.80,48
Chenille microfiber mop ni,CLEA039860,714415502690,2.50,6
Robitussin honey severe cold & flu nighti...,HEAL041724,300318770184,3.50,12
Glade wax melts malibu mango 3.1oz us,CLEA041748,046500052729,1.00,8
Ceramic salt and pepper shaker - mushrooms,HSWE039925,738215538437,1.10,48
Turtle wax fresh clean all surface cleane...,AUTO041545,074660543191,1.50,6
"7"" paper lunch plate 8ct 50th birthday burst",ARTS041628,039938718435,0.25,12
"7"" paper plate 8ct 30th birthday burst",ARTS041627,039938718398,0.25,12
Animal planet level 1 paperback bindup an...,BOOK041565,9781667201047,0.50,40
Discovery level 2 reader paperback-  i am...,BOOK041564,9781684127993,0.50,124
Spellbound 32pg paperback book & magnetic...,BOOK041562,9780794452537,2.00,10
Disney encanto hardcover storybook and pr...,BOOK041560,9780794448523,2.00,12
Spellbound find your light activity book ...,BOOK041563,9780794452551,0.60,48
Boneless motorized skater mia,TOYS040932,042409669167,1.20,6
Siren dart blaster 50pc refill darts,TOYS040930,042409119525,4.00,12
Glade candle tranquil lavender & aloe 2ct...,CAND041293,046500055171,2.75,3
Petmate cozy kennel mat reversible coolin...,PETS041171,029695810367,4.00,16
24pc press-on nails - vacay vibes ni,BEAU041508,889628152526,0.35,24
Disney princess royal nail set ni,BEAU041507,889628214217,1.25,24
Bluey 24oz. bubble bath ni,BEAU041505,889628184619,1.75,12
Sesame street 24oz. bubble bath ni,BEAU041506,889628184626,1.75,12
Siren dart blaster 20pc refill darts,TOYS040914,042409119518,1.50,12
Ronson jetlite butane lighter in pdq ni,HSWE041479,037900435113,3.00,96
Halls 80 pc blueberry bag exp 2/22/27,FOOD041540,312546006478,2.40,12
Boneless skaters skatepark playset - asso...,TOYS040909,042409669549,2.25,6
Boneless motorized skater luca,TOYS040925,042409669150,1.20,6
"Wubble slammers 3"" - assorted",TOYS040918,042409717530,3.50,6
Scrubbing bubbles toilet cleaning dispens...,CLEA041360,025700000174,4.50,6
Goody headband zigzag 3ct ni,BEAU041552,041457185001,1.00,36
Goody waffle scrunchie multi 6ct ni,BEAU041551,041457248614,0.85,72
Goody elastics 4mm black 15ct ni,BEAU041549,041457169179,0.40,48
Eveready super heavy duty aa battery 4 pa...,ELEC041523,039800040008,0.60,24
Smithsonian prehistoric sea monsters kit,TOYS040924,042409520413,3.00,4
Bob ross limited edition gift set,TOYS041511,634482192023,1.80,8
Guardians of the galaxy classic - groot l...,TOYS041512,634482387221,1.80,6
Quality choice quick action vapor inhaler...,HEAL041533,635515999855,0.65,48
Halls cough drops cherry 200 ct free 9 dr...,FOOD041682,312546621534,3.50,2
Cursive silicone wine cup 12.5oz,HSWE031912,672649291295,0.50,120
Disney pixar: lightyear - zap partol gear,TOYS041510,194735087051,1.80,3
Energizer 2016 3v lithium coin batteries ...,ELEC041522,039800066091,1.00,120
T-shirt - adult - navy- l,SOFT039561,752044020727,1.00,58
T-shirt - adult -white- 3xl,SOFT039117,752044020932,1.00,48
T-shirt - adult - navy- 2xl,SOFT039559,752044020741,1.00,77
T-shirt - adult - purple- l,SOFT039566,752044021021,1.00,60
Franklin future champs mini boxing set,SPOR040646,025725504220,10.00,6
"Nhl franklin 1020 power force youth 40"" h...",SPOR040666,025725216482,6.50,6
Conair french braid kit w/ bonus 25 hair ...,BEAU040264,074108556097,1.20,48
Siren maulr dart blaster,TOYS040916,042409119327,15.00,3
Stp gas treatment 12oz automotive additive,AUTO040689,071153001329,3.40,6
Stp fuel injector & carburetor cleaner 12 oz,AUTO040690,071153005150,3.00,6
Paas shimmer ice egg decorating kit shelf...,SEAS040296,071169386281,1.00,46
Farberware pro 23pc prep baking set - red ni,HSWE041350,024131498499,9.25,2
Purex liquid laundry detergent 50oz- line...,CLEA041392,024200060572,4.25,6
"Disney lilo & stitch 8"" plush elvis stitc...",TOYS041352,883975188412,3.00,30
"Disney lilo & stitch 8"" plush elvis stitc...",TOYS041351,883975188399,3.00,30
Rite aid premium infant formula milk powd...,HEAL040731,011822015264,2.50,4
Sp ziploc endurables small pouch 1ct 8 oz,HSWE041424,025700009207,2.25,8
5ct total home 24oz soup & salad storage ...,HSWE040830,050428295847,1.80,6
Freshly parsley flakes .25 oz 12/5/27,FOOD040069,6281063884040,0.25,12
"Multipet wrinkleez  bunny dog toy 9""",PETS041257,784369430172,2.50,24
Multipet wild woodies large dog toy (bear...,PETS041251,784369806649,2.50,12
Can opener in cdu,HSWE041344,076753118330,2.50,16
9in ns round cake pan,BAKE041341,076753534802,2.00,18
Multipet holiday dog toy,PETS041258,784369538588,3.00,24
Multipet tuff emuff braided dog throw toy...,PETS041253,784369291360,2.25,48
Multipet pet envy reindeer dog toy,PETS041259,784369573602,2.50,48
"Multipet aviators latex dog toy  6.5""",PETS041247,784369613919,0.65,24
Multipet aromadog fleece lavender dog toy,PETS041252,784369713954,2.00,24
"Multipet birthday present dog toy 5.5"" pink",PETS041244,784369487404,1.80,24
"Multipet yeti w/santa hat dog toy  6""",PETS041243,784369535631,1.00,72
Firefly toothbrush 2ct - paw patrol -- so...,BEAU041262,840204485568,0.60,24
Glade automatic spray refill embers & san...,CLEA040458,197981001109,2.25,4
Rite aid pain relief acetaminophen extra ...,HEAL039613,011822041256,1.00,36
Copco eco travel coffee mug -- brown ni,HSWE041390,043909099614,2.40,32
Wine bottle stopper - mini wine bucket,HSWE039808,022494187746,1.15,96
Farberware pro 6pc tool crock set - grey,HSWE041079,024131491322,9.50,4
Farberware pro 5pc silicone utensil set ni,HSWE041078,024131495597,5.25,12
Crossbody lunch bag - tye dye black and w...,HSWE041077,844983097028,5.00,12
Farberware  11x14 ns cutting board - marb...,HSWE041076,045908111922,5.00,6
Farberware pro 2ct set turner and spoon -...,HSWE041075,024131400133,3.50,36
Farberware basic nyl slotted turner ni,HSWE041072,024131407569,1.65,36
Farberware pro 2 basting spoon ni,HSWE041071,024131126620,1.65,48
Firefly ready go toothbrush - light up w/...,BEAU041261,840204435266,1.35,24
Home country 1000pc puzzle assortment.,TOYS041366,4895145424677,2.50,6
Babyganics foaming dish soap fragrance fr...,CLEA041305,813277012429,2.25,12
Kitchen rug  graphite 18x30,HSWE041231,072894104515,2.50,24
Kitchen rug blue 18x30,HSWE041229,072894104072,2.50,24
Kitchen rug tan 18x30,HSWE041230,072894104089,2.50,24
Glade 3-wick candle sky & sea salt 6.8oz us,CAND041289,046500043802,2.65,3
Nhl franklin multi density street hockey ...,SPOR040671,025725499076,1.75,48
Rite aid anti-diarrheal / anti-gas caplet...,HEAL040756,011822781848,0.45,24
Rite aid maximum strength mucus relief dm...,HEAL040740,011822420549,0.45,24
Franklin nhl street hockey starter set 2 ...,SPOR040672,025725629893,6.00,6
Nfl franklin my first football stuffed pl...,SPOR040657,025725562565,5.00,6
Franklin future champs inflatable boxing ...,SPOR040645,025725504213,7.00,6
Rite aid anti-diarrheal / anti-gas caplet...,HEAL040759,011822333054,0.25,24
Rite aid nighttime sleep aid tablets 48ct...,HEAL040758,011822420501,0.40,24
Rite aid laxative powder 14 doses 8.3oz e...,HEAL040744,011822820028,1.80,12
Rite aid electrolyte solution grape 33.8f...,HEAL040741,011822300766,0.90,6
Cotton balls 100ct organic,HEAL040612,197344105987,0.65,12
Disney pixar lightyear core figures assorted,TOYS041235,194735069125,1.00,6
Rite aid children's 24hr allergy relief s...,HEAL040753,011822536059,0.25,48
Rite aid children's ibuprofen pain reliev...,HEAL040752,011822420815,0.25,48
Rite aid 12hr maximum strength nasal reli...,HEAL040747,011822320108,0.25,144
Rite aid laxative powder 7 doses 4.1oz ex...,HEAL040734,011822393560,0.30,12
Rite aid nighttime sleep aid tablets 24ct...,HEAL040754,011822030229,0.65,24
Rite aid daytime severe cold & flu relief...,HEAL040743,011822820264,0.40,12
Rite aid children's allergy relief chewab...,HEAL040745,011822420525,0.35,24
Rite aid 12hr maximum strength nasal reli...,HEAL040739,011822614122,0.30,24
Rite aid children's fever reducer & pain ...,HEAL040748,011822989558,0.40,48
Rite aid miconazole 3-day feminine care c...,HEAL040736,011822373654,0.50,12
Rite aid electrolyte solution mixed fruit...,HEAL040742,011822308809,0.90,6
Rite aid moisturizing saline nasal spray ...,HEAL040738,011822420303,0.25,72
Foam beauty wedges  32ct,HEAL040611,197344036397,0.65,24
Rite aid sports tape,HEAL040605,11822413008,0.65,48
Oster 5pc kitchen tool set -wooden handle...,HSWE040850,085081649881,6.25,6
Oster 5pc kitchen tool set ni,HSWE040846,085081352477,6.25,4
Gibson home 7pc ss cutlery set,HSWE040851,085081873613,5.50,8
Rite aid children's fever reducer & pain ...,HEAL040755,011822788397,0.25,48
Rite aid electrolyte solution strawberry ...,HEAL040750,011822407946,0.90,6
Large jar candle blush tonka 18.1oz,CAND040858,644911015540,3.50,4
Gibson home 3pc baking pan set ni,BAKE040848,085081587183,8.50,6
Signature soy jar candle heritage pumpkin...,CAND040857,644911011429,3.50,4
Large jar candle honeybell & crème 18.1oz,CAND040856,644911015526,3.50,4
Cvs waterproof adhisive tape 1/2x5yds 2pk,HEAL040601,050428329320,1.00,24
Delta children rainbow wood bookcase 15.7...,HSWE040855,080213162818,14.00,1
"Rite aid 25ct gauze pad 2""x2""",HEAL040607,011822512589,0.65,48
"Rite aid 10ct gauze pads 4""x4""",HEAL040606,011822812603,0.65,48
"Rite aid 5ct gauze roll 4""x4.1 yd",HEAL040604,011822828000,1.20,48
Assorted fabric bandages tan 30ct,HEAL040608,032251914669,0.65,24
"Nhl franklin 1040 power fused 56"" hockey ...",SPOR040669,025725550395,6.50,6
"Nhl franklin 1010 street tech youth 40"" h...",SPOR040663,025725534470,5.00,6
"Nhl franklin 1040 power fused 56"" hockey ...",SPOR040668,025725550401,6.50,6
"Nhl franklin 1040 power fused 48"" hockey ...",SPOR040667,025725550418,6.50,6
"Nhl franklin 1010 street tech jr 52"" hock...",SPOR040659,025725218981,6.25,6
Stylus studio pen jack skellington,STAT040379,092298915050,0.20,6
"Franklin nhl 1010 street tech jr 52"" hock...",SPOR040660,025725218974,6.50,6
Franklin metal inflating needles 3ct,SPOR040649,025725416745,0.50,72
"Franklin 9.5"" pvc baseball glove black/wh...",SPOR040638,025725437146,5.00,6
Sp kiwi select sport shoe laces 1 pair 45...,SOFT041061,031600633947,0.40,45
Freshly sweet paprika 3.25oz – wholesale ...,FOOD040070,6281063882039,0.50,12
Rite aid folding travel toothbrush,BEAU040816,011822888660,0.30,144
Wine bottle stopper - love wine,HSWE039810,022494238080,1.15,96
Signature soy jar candle coastal linen 15...,CAND040724,644911028632,3.50,4
Signature soy jar candle sugarcane guava ...,CAND040723,644911028601,3.50,4
Signature soy jar candle jasmine peony 15...,CAND040716,644911028571,3.50,4
Signature soy jar candle vanilla oak 15.1oz,CAND040715,644911028656,3.50,4
Signature soy jar candle lush amazon 15.1oz,CAND040720,644911008481,3.50,4
Parmesan garlic sauce mix .87 oz bb 3/31/26,FOOD040151,052100056616,0.05,12
Signature soy jar candle island moonlight...,CAND040719,644911028557,3.50,4
Signature soy jar candle eucalyptus sage ...,CAND040718,644911028588,3.50,4
Signature soy jar candle sandalwood shore...,CAND040717,644911028564,3.50,4
Signature soy jar candle cozy nights 15.1oz,CAND040714,644911028625,3.50,4
Signature soy jar candle blushing amber 1...,CAND040712,644911028649,3.50,4
Signature soy jar candle bali sunrise 15.1oz,CAND040713,644911028540,3.50,4
Signature soy jar candle coconut milk 15.1oz,CAND040711,644911028618,3.50,4
Fashion plates: fashion faces arts and cr...,ARTS040676,093514233132,5.00,6
Tranquilty gift kit - air - breathe. clar...,HEAL040576,810135160032,0.60,4
"12x180"" lime grn shelf liner",HSWE040536,850023387387,3.35,12
"20x48"" assorted shelf liner  - may be +/-...",HSWE040521,850023387417,2.00,42
"12x48"" lime grn shelf liner",HSWE040508,850023387349,1.00,24
"20x60"" assorted shelf liner - may be +/- ...",HSWE040515,850023387431,2.15,48
"20x84"" assorted shelf liner - may be +/- ...",HSWE040514,850023387448,2.50,48
Tranquilty gift kit - earth - ground. gro...,HEAL040575,810135160025,0.60,4
Tranquilty gift kit - fire - spark. burn....,HEAL040573,810135160001,0.60,4
Tranquilty gift kit - water - pour. clean...,HEAL040574,810135160018,0.60,4
Barbie fashion - ken wedding outfit,TOYS040727,194735094080,1.80,8
"60"" rnd printed vinyl tablecloth",HSWE040507,850023387165,1.50,24
Rip cord bubble flyer,TOYS040401,677869201703,3.60,6
Gibson home bow wow meow 3pc elevated pet...,PETS040384,085081455772,4.00,3
Dove body scrub sugar cookie 3.5oz',BEAU040549,011111053403,1.35,12
Tangle jr fuzzies (triangle box in 25 uni...,TOYS040441,723459029001,1.10,50
Gibson home bow wow meow 3pc elevated pet...,PETS040385,085081455758,4.00,3
Tangle palm classic (triangle box in 14 u...,TOYS040442,723459010313,1.50,56
4pk gibson ss teaspoons ni,HSWE040411,085081764126,0.70,24
Handheld bubble spinner,TOYS040396,677869201871,2.40,12
24pc ss flatware set ni,HSWE040412,085081032348,8.00,6
"Rite aid 25ct gauze pads 4""x4""",HEAL040600,011822885683,0.50,48
"Rite aid 50ct gauze sponge 4""",HEAL040598,011822627993,1.00,24
Rite aid 42ct moist wipes  2pk,HEAL040595,011822052351,1.20,6
"Rite aid 8ct silicone bandages 1.65 x 4""",HEAL040599,011822098953,0.40,24
Conair jaw clips 3ct ni,BEAU040268,043194162673,0.65,48
Conair flat banana combs 3ct ni,BEAU040267,043194146994,0.65,48
Conair octopus jaw clips 3ct ni,BEAU040262,043194358113,1.00,48
Scrub sponge holder ni,HSWE040572,813151010497,0.60,24
Glade automatic spray orange zest & clove...,CLEA040459,197981002939,4.65,3
The magic formula party game,TOYS040365,620373033018,1.25,12
Playmonster trailz intro strategy game 2 ...,TOYS040366,093514074858,0.75,4
Chapstick vanilla icing.15oz exp 2/29/2028,BEAU040128,305736554958,0.55,144
Meltdown family game,TOYS040350,093514068925,1.50,3
Hasbro galaxy goldmine game,TOYS040349,195166229577,2.50,4
"Disney pixar lightyear alpha class 7"" fig...",TOYS040339,194735069101,1.50,3
8.3 cup freeze & heat food storage - asst...,HSWE040405,833419000718,1.00,48
14.43in x 2.56in plastic microwave cover ...,HSWE040406,833419002132,0.50,24
Suave kids 3n1 lavender 16.5oz,BEAU040392,079400498298,2.50,4
Flomagic spray stencil kit enchanted,ASTV040049,740275303559,3.00,4
2pc gift set - potholder and dishtowel - ...,HSWE039975,738215543844,1.20,80
Tablecloth -  52 x 52 deck the halls plaid,HSWE039959,738215561596,3.00,30
60x84 tablecloth shamrock shake,HSWE039979,738215908155,2.15,20
18''x28'' set of 2 dishtowels - all my love,HSWE039998,738215564979,1.65,48
Apron - tackle your appetite,HSWE039971,738215561459,2.15,40
2pc set spatula and cookie cutter - hop i...,HSWE039969,738215556929,1.10,48
Apron - cottontail farmhouse,HSWE039964,738215543004,2.15,12
18''x28'' set of 2 dishtowels - jolly,HSWE039950,738215549334,1.65,48
72''x14'' table runner - sleigh bells chr...,HSWE039958,738215547859,2.00,12
Apron - fab-yule-ous christmas,HSWE039947,738215554673,2.15,12
Tablecloth -  60 x 84 festival of lights,HSWE039909,738215541147,3.00,12
27ct cascade complete pods - lemon scent,CLEA040126,037000880530,4.50,4
Paas marble egg decorating kit shelf tray,SEAS040299,071169394071,1.00,46
Paas mermaid tails  egg decorating kit sh...,SEAS040295,071169357762,1.25,46
Paas magic color wipes egg decorating kit...,SEAS040289,071169370860,1.00,46
6pc measuring spoons,HSWE040228,076753720588,0.80,24
Melon baller - double head,HSWE040226,076753200103,0.75,72
Apron -- another year,HSWE039911,738215546333,2.15,12
10oz mug - best face,HSWE039929,738215553591,0.75,48
Stp all season gasoline water remover 5.2...,AUTO039819,071153785724,1.50,12
Babyganics daily lotion chamomile verbena...,BEAU040168,813277014720,1.75,6
3pk travel lint rollers ni,HSWE039869,714415642327,1.20,72
Travel snack container - 6.8in x 2.6in ni,HSWE039904,067742600707,0.60,48
Beer glass to go ni,HSWE039900,067742604002,0.80,144
Mushroom salt and pepper shakers ni,HSWE039905,067742285485,1.65,72
Acu-rite clock/thermometer 8.5in basic bl...,HSWE040127,072397024167,3.00,4
10pk 12-24m spiderman spidermas qrt socks,SOFT040023,193159461058,3.50,60
10pk 12-24m minnie mouse sweet xmas qrt s...,SOFT040018,193159460877,3.50,60
10pk 12-24m bluey xmas joy quarter socks,SOFT040016,193159461027,3.50,60
10pk 6-12m spiderman spidermas qrt socks ...,SOFT040020,193159461065,3.50,60
10pk 6-12m minnie mouse sweet xmas qrt socks,SOFT040015,193159460884,3.50,60
10pk 12-24m bluey xmas joy qrt socks,SOFT040014,193159461003,3.50,60
Little miss matched denim & sequin helmet 8+,SPOR039783,016751994109,4.00,2
Little miss matched girls child hologram ...,SPOR039781,016751977560,4.00,2
Razor adult helmet satin plum,SPOR039780,016751978659,4.00,2
Razor adult helmet satin avocado,SPOR039777,016751978611,4.00,2
Spray mop ni,CLEA039875,714415502560,4.00,12
Microfiber mop ni,CLEA039871,714415502829,4.00,24
Loaf cakelet silicone mold - pink ni,BAKE039891,067742355164,2.00,24
Loaf cakelet silicone mold - green ni,BAKE039890,067742355171,2.00,24
Top flight charcoal leatherette foil jour...,STAT039752,075755602809,1.20,6
"Top flight circle notes journal 6"" x 8"" 1...",STAT039749,075755130159,1.20,6
Stand up spreader knife,HSWE039805,022494111093,0.75,12
Stand up spreader knife.,HSWE039804,022494111017,0.75,12
Wine bottle stopper - hot air balloon red...,HSWE039803,022494879184,1.15,96
Wine bottle stopper - hot air balloon ora...,HSWE039802,0,0.75,96
Wine bottle stopper - hot air balloon green,HSWE039801,022494879078,1.15,96
Sp method foaming hand wash refiil 28oz s...,CLEA040040,843536110078,3.75,12
Purex 1.4oz laundry crystals,CLEA039829,024200102456,0.50,156
Dial men 12oz lurosmoth hydrating lotion,BEAU039827,017000044286,1.80,6
"Greenlife 8"" non-stick ceramic frypan yel...",HSWE039393,885837028263,8.00,1
Reynera microfiber mop xl,CLEA038213,082269301500,4.00,12
Reynera household angle broom,CLEA038209,082269020265,2.00,12
Reynera jumbo cotton mop,CLEA038206,082269003756,3.75,12
Glade automatic spray refill pumpkin & gi...,CLEA039692,197981001062,2.40,6
Glade 3-wick candle pumpkin & ginger 6.8o...,CAND039680,197981001307,2.65,3
Gibson everyday stainless steel flatware ...,HSWE038979,085081765000,5.00,4
The country butcher cheese & bacon filled...,PETS039443,741956073822,3.50,10
The country butcher natural dog chews pea...,PETS039440,741956073853,3.50,10
The country butcher natural dog chews cen...,PETS039437,741956070050,4.50,12
Rite aid multi symptom menstrual relief c...,HEAL039434,011822321105,1.00,144
13in  nylon slotted spoon w-grip grey,HSWE039508,073297754963,1.00,24
Rite aid multi symptom menstrual relief c...,HEAL039423,011822021401,0.60,144
Diamond dig it dazzling world,TOYS038484,840023709302,0.60,96
Garden flag - love 12.5in x 18in,GARD038936,846097028585,2.00,11
Garden flag - get lucky 12.5in x 18in,GARD038934,846097028509,2.00,17
Garden flag - welcome 12.5in x 18in,GARD038932,846097028653,2.00,17
Garden flag - love 12.5in x 18in,GARD038929,846097028554,2.00,17
Garden flag - happy easter 12.5in x 18in,GARD038927,846097028523,2.00,17
Garden flag - what if 12.5in x 18in,GARD038926,846097033169,2.00,35
Garden flag - hoppiness lives here 12.5in...,GARD038923,846097028561,2.00,17
Garden flag - happy spring 12.5in x 18in,GARD038922,846097028462,2.00,17
Garden flag - a friend loves 12.5in x 18in,GARD038912,846097043519,2.00,11
Garden flag - cerulean warbles 12.5in x 18in,GARD038903,846097031745,2.00,14
Garden flag - bee happy 12.5in x 18in,GARD038902,846097030755,2.00,38
Garden flag - pumpkin truck 12.5in x 18in,GARD038885,846097043984,2.00,47
Garden flag - halloweenn greetings 12.5in...,GARD038883,846097032247,2.00,32
Garden flag - honeysuckle warblers 12.5in...,GARD038880,846097029605,2.00,23
Garden flag - autumn leaves 12.5in x 18in,GARD038877,846097030120,2.00,11
Garden flag - hovering hummer 12.5in x 18in,GARD038876,846097044707,2.00,17
Gift paper shred 2oz - green,GIFT038666,018697164127,0.35,16
Tissue asrt display solids,GIFT038663,018697305384,0.60,48
Assorted gift bag spinner display rack 19...,GIFT038309,018697087198,15.00,1
Simplicity tie dye hobo bag - white 100% ...,SOFT036143,0070659779336,1.00,72
"Loungie kids pillow lounger cover - 88"" f...",SOFT035033,810010644008,1.00,10
Purple polka dots bean bag covers microfi...,SOFT035031,810010643995,1.00,10
"Loungie lounger pillow cover for kids, 88...",SOFT035028,810010643582,2.50,10
"Stuffed animal storage bean bag cover, ex...",SOFT035027,810010643759,1.00,10
Princess pink bean bag covers microfiber ...,SOFT035026,810010643575,2.25,10
"Stuffed animal storage bean bag cover, ex...",SOFT035025,810010643735,2.25,10
Stuffed animal storage beanbag cover - 55...,SOFT035024,810010643773,2.25,10
Loungie stuffed animal storage bean bag c...,SOFT035023,810010643667,2.25,10
Stuffed animal storage beanbag cover - 55...,SOFT035022,810010643711,2.25,10
Loungie stuffed animal storage bean bag c...,SOFT035021,810010643605,2.25,10
Loungie bean bag cover - stuffed animal s...,SOFT035017,810010643728,1.75,10
"Center medallion 18"" pillow cover",SOFT034731,844353549348,1.50,38
My happy place metal ornament,SEAS036048,703800028136,0.50,96
Agua rocks glass glossy sleeve set 4ct 12oz,HSWE038218,850062787179,2.00,6
Rolling her eyes large sign,HSWE036052,672649869272,0.30,300
"Petals nurse photo frame 2""x2""",HSWE036050,672649258977,1.00,24
Oklahoma tea towel,HSWE036049,672649886071,1.00,60
Mermaid slim can cooler,HSWE036046,672649155047,1.50,24
"Haight ashbury nurse photo frame 2""x2""",HSWE036040,672649256904,1.00,24
Go away medium sign,HSWE036038,672649868633,0.30,300
First responder large desk sign,HSWE036035,672649310286,0.30,300
"Dad, i love you rocks glass 10oz",HSWE036032,672649292681,0.75,24
Can't understand it large sign,HSWE036029,672649869104,0.30,300
Busy pretending large sign,HSWE036028,672649869135,0.30,300
Best friend slim can cooler,HSWE036027,672649155115,1.50,24
Best friend large sign,HSWE036026,672649310231,0.30,300
Byo 19oz plstc wine tumbler changing colo...,HSWE035897,844983046941,1.60,18
Byo color changing plastic wine tumbler 1...,HSWE035896,844983047115,1.60,18
"Large leaf pick 2pc set 22""l",HSWE034665,20210504100323,3.50,72
"Floral & cotton pick 2pc set 24""l",HSWE034662,20210504100038,3.50,48
"Gold bristle pick 2pc set 27""l",HSWE034660,20210504095940,3.50,60
Large square gift bag - holiday doe in th...,GIFT036614,078228002250,1.00,60
Ncaa michigan wolverines  led solar torch...,GARD036983,810028057111,7.50,6
"Nfl atlanta falcons  led solar torch 36""",GARD036982,810028051843,7.50,6
"Mlb st. louis cardinals led solar torch 36""",GARD036225,810028057623,7.50,6
Ncaa mississippi ole miss led solar torch...,GARD036211,810028052277,7.50,6
"Nfl new orleans saints led solar torch  36""",GARD036196,810028052048,7.50,6
Nfl los angeles chargers small ceramic he...,GIFT034110,812081032418,1.00,12
Ncaa virginia tech hokies small ceramic h...,GIFT034108,812081033033,1.00,12
Ncaa texas a&m aggies small ceramic helme...,GIFT034107,812081032876,2.50,12
Ncaa south carolina gamecocks small ceram...,GIFT034106,812081033019,1.00,12
Nfl tenessee titans small ceramic helmet,GIFT034104,812081032067,2.50,12
Nfl tampa bay buccaneers small ceramic he...,GIFT034103,812081032050,2.50,12
Nfl las vegas raiders small ceramic helmet,GIFT034098,812081032005,2.50,12
Nfl los angeles chargers small ceramic he...,GIFT034097,812081031923,2.50,12
Nfl houston texans small ceramic helmet,GIFT034094,812081031886,2.50,12
Nfl dallas cowboys small ceramic helmet,GIFT034092,812081031848,2.50,12
Nfl baltimore ravens small ceramic helmet...,GIFT034090,812081031787,1.00,12
Ncaa south carolina gamecocks small ceram...,GIFT034088,812081032708,2.50,12
Ncaa miami hurricanes small ceramic helmet,GIFT034085,812081032159,2.50,12
"Nhl washington capitals led solar torch 36""",GARD036184,810028057364,5.00,6
"Nhl minnesota wild led solar torch 36""",GARD036178,810028057258,7.50,6
Tye dye unicorn hoodie journal,STAT021535,603250218654,0.70,24
Shapr imge wghtd blankt 15lb-gry.,SOFT011435,740275050248,18.00,2
Sp women sweaters asst/sizes/brand,SOFT010892,043475033708,6.00,10
Calming comfort duvet cover for weighted ...,SOFT000493,740275050767,0.75,12
"Be grateful pumpkin stand 13.5""l x 21.25""""h",SEAS034622,20210504094846,4.00,12
Child costume-lalaloopsycookie/med,SEAS011911,883028955862,5.00,30
Gift card holdr($2.99)congrts mr&mr,SEAS005616,845445032991,0.30,144
"Sparkle pine cone stem 30""l",HSWE034682,746427873949,3.50,22
Astv wave rack retractable clothes hanger ni,HSWE020286,850014381356,1.50,6
Sp jumbo ice cube molds 4-2in cubes,HSWE016455,076753791403,2.25,20
Santa's favorite face mask,HEAL032393,672649296627,0.25,400
Ncaa-clc texas longhorns lava lamp speaker,ELEC036639,810079442447,8.00,8
Better homes & garden tealight candles 12...,CAND016691,823420919710,0.60,9
Tealght melt warmer curve-prpl,CAND010654,047485407726,1.80,24
Sp schwarzkopf color boost (golden) 1oz,BEAU019698,017000315645,1.20,16
Tennesse air freshener 2pc,AUTO036058,672649867155,0.50,192
"Qualatex 11"" round party balloons ast 6ct...",ARTS036567,071444495974,0.50,72
"Helium foil balloon 18""-baby/spnish.",ARTS006187,071444491693,0.25,100
"Helium balloon 18"" autumn blessings.",ARTS006109,071444434683,0.25,100
"Hmptn art stncls 14x12""-like home.",ARTS005807,729632196829,0.20,72
Sp off clean feel 2ct 9oz pristine,PEST036973,197981001055,9.00,10
Sp pest2025 off clean feel insect repelle...,PEST036968,046500045219,8.50,8
Office accessory 2pc set grey,STAT038123,850044273775,2.40,24
3-in-1 writing utensils 2pk green,STAT038009,850050273751,1.20,24
Office accessory 2pc set white,STAT038008,850050398523,2.40,24
Office accessory 2pc set green,STAT038007,850044273751,1.00,24
Ncaa georgia bulldogs lava lamp speaker 1...,ELEC036993,812081033897,8.00,4
Mlb los angeles angels lava lamp speaker ...,ELEC036311,810028056572,8.00,8
Ncaa witchita state shockers lava lamp sp...,ELEC036991,840331422931,8.00,4
Ncaa virginia vavaliers lava lamp speaker...,ELEC036989,812081039998,8.00,4
Ncaa southern jaguars lava lamp speaker 1...,ELEC036287,810028052888,8.00,8
"Ncaa utah utes lava lamp speaker 16.5""",ELEC036293,810028053564,8.00,8
Nhl philadelphia flyers lava lamp speaker...,ELEC036915,810028053687,8.00,6
Nhl los angeles kings lava lamp speaker 1...,ELEC036237,810028059948,6.00,8
Ncaa oklahoma cowboys lava lamp speaker 1...,ELEC036912,810079442409,8.00,7
"Ncaa ucla bruins lava lamp speaker 16.5""",ELEC036292,810028052925,8.00,8
Mlb toronto blue jays lava lamp speaker 1...,ELEC036906,810028056732,8.00,4
"Nhl arizona coyotes lava lamp speaker 16.5""",ELEC036227,810028059900,6.00,8
"Mlb texas rangerslava  lamp speaker 16.5""",ELEC036904,810028056725,8.00,4
Nfl arizona cardinals lava lamp speaker 1...,ELEC036251,812081033538,8.00,8
"Nfl denver broncos lava lamp speaker 16.5""",ELEC036894,812081033620,8.00,8
Ncaa texas tech red raiders lava lamp spe...,ELEC036290,810028052918,8.00,8
"Ncaa miami hurricanes led solar torch 36""",GARD036209,810028057159,7.50,6
"Ncaa georgia bulldogs led solar torch  36""",GARD036206,810028057142,7.50,6
Blumenthal lansing small button collector...,SOFT036848,097327807771,1.50,11
Simplicity tie dye hobo bag - white 100% ...,SOFT036846,070659779336,2.00,15
"Mlb san diego padres led solar torch 36""",GARD036226,810028057593,7.50,6
"Mlb houston astros led solar torch 36""",GARD036220,810028057456,7.50,6
"Mlb baltimore orioles led solar torch 36""",GARD036217,810028057388,5.00,6
"Mlb atlanta braves led solar torch 36""",GARD036216,810028057371,7.50,6
"Ncaa texas a&m led solar torch 36""",GARD036215,810028057135,7.50,6
"Ncaa oregon ducks led solar torch 36""",GARD036214,810028052291,7.50,6
"Ncaa lsu tigers led solar torch  36""",GARD036207,810028057098,7.50,6
Ncaa florida state seminoles led solar to...,GARD036205,810028057081,7.50,6
"Ncaa florida gators led solar torch  36""",GARD036204,810028057074,7.50,6
"Ncaa clemson tigers led solar torch  36""",GARD036203,810028052178,5.00,6
Ncaa alabama crimson tide led solar torch...,GARD036202,810028052154,7.50,6
"Nfl tennessee titans led solar torch  36""",GARD036201,810028052130,7.50,6
"Nfl san francisco 49ers led solar torch  36""",GARD036200,810028052109,7.50,6
"Nfl seattle seahawks led solar torch  36""",GARD036199,810028052116,7.50,6
"Nfl new york jets led solar torch  36""",GARD036198,810028052062,7.50,6
"Nfl miami dolphins led solar torch  36""",GARD036194,810028052017,7.50,6
"Nfl los angeles rams led solar torch  36""",GARD036192,810028052000,7.50,6
Nfl jacksonville jaguars led solar torch ...,GARD036191,810028051973,7.50,6
"Nfl carolina panthers led solar torch  36""",GARD036187,810028051874,7.50,6
"Nfl arizona cardinals led solar torch 36""",GARD036185,810028051836,7.50,6
"Nhl vegas golden knights led solar torch 36""",GARD036183,810028057357,7.50,6
"Nhl tampa bay lightning led solar torch 36""",GARD036182,810028057340,7.50,6
"Nhl new york rangers led solar torch 36""",GARD036179,810028057289,7.50,6
"Nhl colorado avalanche led solar torch 36""",GARD036177,810028057227,7.50,6
"Mlb san diego padres lava lamp speaker 16.5""",ELEC036323,810028056671,6.00,8
Mlb san francisco giants lava lamp speake...,ELEC036321,810028056688,8.00,8
"Mlb minnesota twins lava lamp speaker 16.5""",ELEC036315,810028056619,6.00,8
"Mlb miami marlins lava lamp speaker 16.5""",ELEC036314,810028056596,6.00,8
"Mlb colorado rockies lava lamp speaker 16.5""",ELEC036306,810028056534,6.00,8
Ncaa washington state cougars lava lamp s...,ELEC036299,810028053588,8.00,8
Ncaa vanderbilt commodores lava lamp spea...,ELEC036295,840331422924,8.00,8
Ncaa central florida knights lava lamp sp...,ELEC036291,810079442423,6.00,8
"Ncaa syracuse orange lava lamp speaker 16.5""",ELEC036288,840331422917,8.00,8
"Ncaa oregon ducks lava lamp speaker 16.5""",ELEC036281,810028053038,8.00,8
Ncaa north carolina a&t aggies lava lamp ...,ELEC036277,810028052864,8.00,8
"Ncaa memphis tigers lava lamp speaker 16.5""",ELEC036274,810028053519,6.00,8
Ncaa maryland terrapins lava lamp speaker...,ELEC036273,810028050839,6.00,8
"Ncaa howard bisons lava lamp speaker 16.5""",ELEC036268,810028052871,8.00,8
Nfl tampa bay buccaneers sand art craft kit,ARTS034182,810079448791,2.00,24
Nfl san francisco 49ers sand art craft kit,ARTS034181,810079448777,2.00,24
Nfl seattle seahawks sand art craft kit,ARTS034180,810079448784,2.00,24
Nfl new orleans saints sand art craft kit,ARTS034175,810079448715,2.00,24
Nfl las vegas raiders sand art craft kit,ARTS034172,810079448746,2.00,24
Nfl los angeles rams sand art craft kit,ARTS034171,810079448678,2.00,24
Nfl los angeles chargers sand art craft kit,ARTS034170,810079448661,2.00,24
Nfl indianapolis colts sand art craft kit,ARTS034167,810079448630,2.00,24
Nfl houston texans sand art craft kit,ARTS034166,810079448623,2.00,24
Nfl denver broncos sand art craft kit,ARTS034164,810079448593,2.00,24
Nfl dallas cowboys sand art craft kit,ARTS034163,810079448586,2.00,24
Nfl chicago bears sand art craft kit,ARTS034160,810079448555,2.00,24
Nfl atlanta falcons sand art craft kit,ARTS034157,810079448517,2.00,24
Nfl arizona cardinals sand art craft kit,ARTS034156,810079448500,2.00,24
Ncaa texas a&m aggies sand art craft kit,ARTS034146,810079449088,2.00,24
Ncaa southern jaguars sand art craft kit,ARTS034145,810079449279,2.00,24
Ncaa oregon ducks sand art craft kit,ARTS034141,810079449200,2.00,24
Ncaa oklahoma state cowboys sand art craf...,ARTS034140,810079449019,2.00,24
Ncaa oklahoma sooners sand art craft kit,ARTS034139,810079445301,2.00,24
Ncaa nebraska cornhuskers sand art craft kit,ARTS034137,810079448982,2.00,24
Ncaa north carolina a&t aggies sand art c...,ARTS034135,810079449262,2.00,24
Ncaa michigan state spartans sand art cra...,ARTS034132,810079448944,2.00,24
Ncaa miami hurricanes sand art craft kit,ARTS034131,810079449194,2.00,24
Ncaa lsu tigers sand art craft kit,ARTS034127,810079445325,2.00,24
Ncaa louisville cardinals sand art craft kit,ARTS034126,810079448913,2.00,24
Ncaa indiana hoosiers sand art craft kit,ARTS034124,810079449224,2.00,24
Ncaa howard bison sand art craft kit,ARTS034123,810079449255,2.00,24
Ncaa grambling state tigers sand art craf...,ARTS034122,810079449248,2.00,24
Ncaa florida state seminoles sand art cra...,ARTS034121,810079448906,2.00,24
Ncaa florida gators sand art craft kit,ARTS034120,810079448890,2.00,24
Ncaa florida atlantic owls sand art craft...,ARTS034119,810079448883,2.00,24
Ncaa florida a&m rattlers sand art craft kit,ARTS034118,810079449231,2.00,24
Ncaa boise state broncos sand art craft kit,ARTS034117,810079448852,2.00,24
Ncaa arkansas razorbacks sand art craft kit,ARTS034115,810079448838,2.00,24
Man stuff duffle bag - dark blue,SOFT036044,672649230867,6.00,10
Whatup slim can cooler,HSWE036062,672649155030,1.50,24
Proud parent grill mitt,HSWE036051,672649153852,1.50,50
Mom juice slim can cooler,HSWE036047,672649303998,1.50,24
Many colors tumbler 20oz,HSWE036045,672649295767,2.00,12
Man stuff apron trophy grandpa,HSWE036042,672649229168,2.50,50
Delaware mug 13.5oz,HSWE036033,672649883674,1.00,24
Spelled backwards sign,HSWE036030,672649297945,0.30,300
Washington dc air freshener 2pc,AUTO036061,672649221117,0.50,192
Texas air freshener 2pc,AUTO036059,672649867025,0.50,192
"Faux cactus pick 41""l.",HSWE035825,847539094731,3.50,12
"Embroidered honeycomb 18"" pillow cover",SOFT034730,20191213011977,1.50,42
"Be grateful led canvas print 9""l x 9""w",HSWE034816,20210504095000,3.00,19
"Rust bristle pick 2pc set 27""l",HSWE034679,20210504095824,3.50,24
"Faux cactus pick 41""l",HSWE034676,191009693857,3.50,6
"Green/yellow harvest leaf pick 2pc set 34""l",HSWE034668,687293574007,3.50,29
"Tan modern tulip table runner 54""l x 16""w",HSWE034849,20191212011907,2.50,50
"Dried artichokes 5pc set 3""dia",HSWE034623,846478217645,2.00,12
Ncaa texas longhorns sand art craft kit,ARTS034148,810079449095,2.00,24
Nfl los angeles rams metal football art,HSWE034323,812081038090,5.00,14
Nfl jacksonville jaguars metal football art,HSWE034322,812081038069,5.00,7
Ncaa ohio state buckeyes metal football art,HSWE034320,810028051348,5.00,22
Ncaa maryland terrapins metal football art,HSWE034318,810028057685,5.00,5
Ncaa lsu tigers metal football art,HSWE034317,810028050976,5.00,9
Ncaa auburn tigers metal football art,HSWE034316,810028050945,5.00,29
Nfl washington commanders scratch art cra...,ARTS034240,810079447329,2.00,69
Nfl tampa bay buccaneers scratch art craf...,ARTS034238,810079447305,2.00,64
Nfl san francisco 49ers scratch art craft...,ARTS034237,810079447282,2.00,66
Nfl seattle seahawks scratch art craft kit,ARTS034236,810079447299,2.00,55
Nfl philadelphia eagles scratch art craft...,ARTS034234,810079447268,2.00,74
Nfl new york jets scratch art craft kit,ARTS034233,810079447244,2.00,33
Nfl new orleans saints scratch art craft kit,ARTS034231,810079447220,2.00,35
Nfl miami dolphins scratch art craft kit,ARTS034228,810079447190,2.00,66
Nfl las vegas raiders scratch art craft kit,ARTS034227,810079447251,2.00,48
Nfl los angeles rams scratch art craft kit,ARTS034226,810079447183,2.00,46
Nfl los angeles chargers scratch art craf...,ARTS034225,810079447176,2.00,30
Nfl jacksonville jaguars scratch art craf...,ARTS034224,810079447152,2.00,35
Nfl houston texans scratch art craft kit,ARTS034223,810079447138,2.00,35
Nfl denver broncos scratch art craft kit,ARTS034221,810079447107,2.00,43
Nfl dallas cowboys scratch art craft kit,ARTS034220,810079447091,2.00,48
Nfl chicago bears scratch art craft kit,ARTS034218,810079447060,2.00,43
Nfl carolina panthers scratch art craft kit,ARTS034217,810079447053,2.00,35
Nfl buffalo bills scratch art craft kit,ARTS034216,810079447046,2.00,58
Nfl baltimore ravens scratch art craft kit,ARTS034215,810079447039,2.00,75
Nfl atlanta falcons scratch art craft kit,ARTS034214,810079447022,2.00,58
Mlb washington nationals scratch art craf...,ARTS034213,810079448357,2.00,46
Mlb texas rangers scratch art craft kit,ARTS034212,810079448333,2.00,36
Mlb tampa bay rays scratch art craft kit,ARTS034211,810079448326,2.00,35
Mlb toronto blue jays scratch art craft kit,ARTS034210,810079448340,2.00,36
Mlb san diego padres scratch art craft kit,ARTS034209,810079448289,2.00,34
Mlb seattle mariners scratch art craft kit,ARTS034208,810079448302,2.00,35
Mlb san francisco giants scratch art craf...,ARTS034207,810079448296,2.00,48
Mlb st. louis cardinals scratch art craft...,ARTS034206,810079448319,2.00,47
Mlb philadelphia phillies scratch art cra...,ARTS034205,810079448265,2.00,41
Mlb new york yankees scratch art craft kit,ARTS034203,810079448234,2.00,53
Mlb new york mets scratch art craft kit,ARTS034202,810079448241,2.00,66
Mlb minnesota twins scratch art craft kit,ARTS034201,810079448227,2.00,38
Mlb miami marlins scratch art craft kit,ARTS034200,810079448203,2.00,36
Mlb los angeles dodgers scratch art craft...,ARTS034198,810079448197,2.00,56
Mlb los angeles angels scratch art craft kit,ARTS034197,810079448180,2.00,38
Mlb houston astros scratch art craft kit,ARTS034195,810079448166,2.00,59
Mlb chicago white sox scratch art craft kit,ARTS034193,810079448104,2.00,48
Mlb colorado rockies scratch art craft kit,ARTS034191,810079448142,2.00,36
Mlb cleveland guardians scratch art craft...,ARTS034190,810079448135,2.00,72
Mlb baltimore orioles scratch art craft kit,ARTS034187,810079448081,2.00,42
Mlb arizona diamondbacks scratch art craf...,ARTS034186,810079448067,2.00,42
Mlb atlanta braves scratch art craft kit,ARTS034185,810079448074,2.00,70
"Neutral stripe 18"" pillow cover",SOFT034728,20191212011888,1.50,57
"Grassy fields pick 2pc set 22""l",HSWE034675,20210504101240,3.50,36
"Loungie kids pillow lounger cover - 88"" f...",SOFT035030,810010643698,2.50,10
"Yellow pom pom 18"" pillow cover",SOFT034688,20191213011955,1.50,50
Nfl san francisco 49ers tabletop inflatab...,HSWE034313,840331401592,3.00,24
Nfl minnesota vikings tabletop inflatable...,HSWE034308,840331401516,3.00,24
Nfl miami dolphins tabletop inflatable ce...,HSWE034307,840331401509,3.00,24
Nfl las vegas raiders tabletop inflatable...,HSWE034306,840331401561,3.00,24
Nfl denver broncos tabletop inflatable ce...,HSWE034303,840331401417,3.00,24
Nfl dallas cowboys tabletop inflatable ce...,HSWE034302,840331401400,3.00,24
Nfl buffalo bills tabletop inflatable cen...,HSWE034300,840331401356,1.00,24
Nfl ravens & dolphins asst. abletop infla...,HSWE034299,840331401349,3.00,24
Mlb cardinals & giants asst. tabletop inf...,HSWE034298,840331401325,3.00,24
Nfl carolina panthers ceramic pumpkin hel...,SEAS034077,810028053045,10.00,1
Nfl san francisco 49ers cement planter -4...,SEAS034052,810028052741,2.00,12
Nfl las vegas raiders cement planter -4in...,SEAS034051,810028052802,2.00,12
Nfl dallas cowboys cement planter -4in -e...,SEAS034049,810028052703,2.00,12
"Modern shapes framed print 12.75""l x 17.7...",HSWE034827,746427821612,6.00,4
"Tan bristle pick 2pc set 27""l",HSWE034667,20210504095441,3.50,60
Nfl philadelphia eagles glass dome paperw...,STAT034290,810079446445,4.00,12
Nfl new orleans saints glass dome paperwe...,STAT034289,810079446407,4.00,12
Nfl las vegas raiders glass dome paperwei...,STAT034286,810079446438,4.00,12
Nfl los angeles chargers glass dome paper...,STAT034284,810079446353,4.00,12
"Nfl denver broncos glass dome paperweight 4""",STAT034278,810079446285,4.00,12
Ncaa washington huskies glass dome paperw...,STAT034270,840331400144,4.00,12
"Ncaa oregon ducks glass dome paperweight 4""",STAT034265,810079446735,4.00,12
"Ncaa auburn tigers glass dome paperweight 4""",STAT034252,810079446520,4.00,12
Ncaa nebraska huskers ceramic pumpkin hel...,SEAS034569,810079445110,10.00,1
Ncaa clemson tigers ceramic pumpkin helme...,SEAS034056,810028059795,10.00,1
Nhl vegas golden knights glass dome paper...,STAT034297,810079446896,4.00,12
Nfl tampa bay buccaneers glass dome paper...,STAT034294,810079446483,4.00,12
Nfl san francisco 49ers glass dome paperw...,STAT034293,810079446469,4.00,12
Nfl los angeles rams glass dome paperweig...,STAT034285,810079446360,4.00,12
Nfl carolina panthers glass dome paperwei...,STAT034274,810079446230,4.00,12
Nfl atlanta falcons glass dome paperweigh...,STAT034272,810079446209,4.00,12
Ncaa north carolina tar heels glass dome ...,STAT034269,810079446612,4.00,12
Ncaa tenessee volunteers glass dome paper...,STAT034268,810079446650,2.00,12
Ncaa southern jaguars glass dome paperwei...,STAT034267,810079446810,4.00,12
Ncaa nebraska cornhuskers glass dome pape...,STAT034263,810079446605,4.00,12
Mlb baltimore orioles beach paddleball2 pack,SPOR034033,840331400229,2.50,12
Ncaa miami hurricanes glass dome paperwei...,STAT034261,810079446728,4.00,12
"Ncaa lsu tigers glass dome paperweight 4""",STAT034259,810079446568,4.00,12
Ncaa grambling state tigers glass dome pa...,STAT034257,810079446780,4.00,12
Ncaa florida gators glass dome paperweigh...,STAT034255,810079446544,4.00,12
Ncaa clemson tigers glass dome paperweigh...,STAT034253,810079446537,4.00,12
Ncaa alabama crimson tide glass dome pape...,STAT034251,810079446513,4.00,12
Mlb washington nationals glass dome paper...,STAT034250,810079447008,4.00,12
Mlb san diego padres glass dome paperweig...,STAT034249,840331400946,4.00,12
Mlb st. louis cardinals glass dome paperw...,STAT034247,810079446995,4.00,12
Mlb philadelphia phillies glass dome pape...,STAT034246,840331400922,4.00,12
Mlb los angeles dodgers glass dome paperw...,STAT034244,810079446964,4.00,12
"Mlb atlanta braves glass dome paperweight 4""",STAT034241,810079446919,4.00,12
Nfl washington commanders glass dome pape...,STAT034296,810079446506,4.00,12
Nfl tenessee titans glass dome paperweigh...,STAT034295,810079446490,4.00,12
Nfl jacksonville jaguars glass dome paper...,STAT034282,810079446339,4.00,12
"Nfl buffalo bills glass dome paperweight 4""",STAT034273,810079446223,2.00,12
Nfl houston texans ceramic pumpkin helmet...,SEAS034078,810028051430,10.00,1
Nfl arizona cardinals ceramic pumpkin hel...,SEAS034075,810028051362,10.00,1
Ncaa washington huskies ceramic pumpkin h...,SEAS034071,810028051614,10.00,1
Ncaa texas longhorns ceramic pumpkin helm...,SEAS034069,810079440832,10.00,1
Ncaa memphis tigers ceramic pumpkin helme...,SEAS034059,810028051799,10.00,1
Ncaa arkansas razorbacks ceramic pumpkin ...,SEAS034053,810028051782,10.00,1
Nfl washington commanders ceramic pumpkin...,SEAS034082,810028051508,10.00,1
Nfl seattle seahawks ceramic pumpkin helm...,SEAS034081,810028051485,10.00,1
Ncaa washington state cougars ceramic pum...,SEAS034073,810028051652,10.00,1
"Ncaa utah utes ceramic pumpkin helmet 10""",SEAS034070,810028051669,10.00,1
Ncaa texas a&m aggies ceramic pumpkin hel...,SEAS034068,810079440481,10.00,1
Ncaa south florida bulls ceramic pumpkin ...,SEAS034067,810028053915,10.00,1
Ncaa south carolina gamecocks ceramic pum...,SEAS034066,810079440825,10.00,1
"Ncaa oregon ducks ceramic pumpkin helmet 10""",SEAS034065,810028051591,2.50,1
Ncaa north dakota state bison ceramic pum...,SEAS034063,810079440801,10.00,1
Ncaa miami hurricanes ceramic pumpkin hel...,SEAS034060,810028059856,10.00,1
Boise state broncos ceramic pumpkin helme...,SEAS034055,810028051638,10.00,1
"Sp scj professional estesol pure hand, ha...",BEAU033549,691240092735,5.50,6
Stroller carrying loop - gray ni,BABY033687,715418188386,0.50,144
20oz slim tumbler with straw - floral white,HSWE033520,665613251883,3.00,24
Florida tea towel,HSWE032439,703800028006,1.00,99
Air freshener 2pack ark - ocean,AUTO032420,672649872333,0.50,192
Louisiana thermal mug 10.5oz,HSWE032413,672649884282,1.50,24
What the elf? face mask,HEAL032395,672649296658,0.25,400
Quarantini face mask,HEAL032392,672649296665,0.25,400
Work related desk sign,HSWE032384,672649882219,0.30,300
Not an afternoon person desk sign,HSWE032380,672649869050,0.30,300
Scrub life face mask,HEAL032366,672649296061,0.25,400
Perfectly queer wine glass 16oz,HSWE032324,672649292858,1.00,16
Grandma wine glass 16oz,HSWE031838,672649310415,1.00,16
Sp glade wax melts 8ct 3.1oz aqua waves,CLEA032915,046500039232,1.75,16
Sp bulbhead ruby space hearts bagvalue 24...,HDWE032831,097298046827,3.60,10
Desert snake bangle keychain,HSWE032351,703800081711,0.75,192
Momshell car air freshener 2pc,AUTO032333,672649273536,0.50,192
Smooth operator keychain bottle opener,HSWE032416,672649224774,0.25,360
Game on keychain bottle opener,HSWE032415,672649224798,0.25,348
"Livin' the scrub life sign 4""x4""",HSWE032377,672649158826,0.30,40
"Drink or swim sign 4""x4""",HSWE032374,672649163455,0.30,40
Beautiful day face mask,HEAL032361,672649296054,0.25,400
Bananas car air freshener 2pc,AUTO032327,672649273611,0.50,192
Take your top off keychain bottle opener,HSWE032290,672649224781,0.25,318
Is it recess yet? sign (misprint),HSWE032424,672649158857,0.30,40
Latte car air freshener 2pc,AUTO032409,672649247414,0.50,192
Tinsel in a tangle face mask,HEAL032394,672649296634,0.25,400
Bah! humbug face mask,HEAL032389,672649296672,0.25,400
Wonder nail file,BEAU032348,672649251084,0.25,304
My dog nail file,BEAU032341,672649251077,0.25,304
Cat's don't care nail file,BEAU032330,672649251046,0.25,304
Therapy dogs nail file,BEAU032326,672649251060,0.25,304
High tides car coaster,AUTO032336,672649163332,0.30,216
Hallmark youve been boo'd hllwn kit($9.99)ni,TOYS010395,763795408924,0.25,16
"Hallmark cards 10ct 5.5"" x 4"" heres the s...",STAT025563,795902348366,0.55,216
Hallmark elegant footed 20ct notes sets b...,STAT025555,795902404369,1.00,24
Hallmark cards & note pad set (note pads ...,STAT025552,763795949762,0.75,16
Boss lady silicone wine cup 12.5oz,HSWE031916,672649296429,0.50,120
Serve double erase 0.7 lead tube and eras...,STAT022605,8680869406315,1.00,80
Dooley boards white markers 2ct,STAT017071,096774503021,1.50,288
Sp blutiger lumbar pillow mo (brown box),SPOR028617,0972985155078,10.00,1
Texas metal ornament,SEAS032085,703800064459,0.50,96
Engaged ceramic ornament,SEAS032048,703800022608,1.00,24
"No wake zone sign 4""x4""",HSWE032379,672649161802,0.30,40
Gayborhood wine glass 16oz,HSWE032323,672649155313,1.00,16
"Proud parent block sign 4""",HSWE032182,672649162496,0.30,40
Born with it wine glass 16oz,HSWE032172,672649292735,1.00,16
Shot glass - south carolina,HSWE032166,672649250865,0.25,96
All for love mug 18oz,HSWE032043,672649292759,1.50,24
Pollen small planter,HSWE031995,672649298157,0.50,32
Proud parent small planter,HSWE031986,672649297198,0.50,32
Stay saucy tea towel,HSWE031981,672649294340,1.00,99
They whine silicone wine cup 12.5oz,HSWE031976,672649297488,0.50,120
Rainbow silicone wine cup 12.5oz,HSWE031973,672649249111,0.50,120
Thinking of you wine glass 16oz,HSWE031972,672649298973,1.00,16
Virginia silicone wine cup 12.5oz,HSWE031922,672649249562,0.50,120
South carolina silicone wine cup 12.5oz,HSWE031921,672649249531,0.50,120
Louisiana silicone wine cup 12.5oz,HSWE031919,672649249418,0.50,120
Kentucky silicone wine cup 12.5oz,HSWE031918,672649249401,0.50,120
Rainbow silicone wine cup 12.5oz.,HSWE031914,672649295620,0.50,120
Annoyed silicone wine cup 12.5oz,HSWE031909,672649277817,0.50,120
How do i block you? silicone wine cup 12.5oz,HSWE031908,672649277800,0.50,120
Bridesmaid silicone wine cup 12.5oz,HSWE031907,672649249067,0.50,120
Sail away silicone wine cup 12.5oz,HSWE031904,672649154965,0.50,120
Unicorn silicone wine cup 12.5oz,HSWE031903,672649154934,0.50,120
Mississippi silicone wine cup 12.5oz,HSWE031895,672649249470,0.50,120
Abc silicone wine cup 12.5oz,HSWE031893,672649296399,0.50,120
Queer af silicone wine cup 12.5oz – whole...,HSWE031892,672649295644,0.50,120
Beachin' silicone wine cup 12.5oz,HSWE031891,672649291516,0.50,120
Sleep around silicone wine cup 12.5oz,HSWE031889,672649163295,0.50,120
Sea la vie mug 13.5oz,HSWE031884,672649290441,1.00,24
Massachusetts silicone wine cup 12.5oz,HSWE031878,672649249449,0.50,120
High class trailer trash silicone wine cu...,HSWE031875,672649161390,0.50,120
Dreamer silicone wine cup 12.5oz,HSWE031873,672649151834,0.50,120
New jersey silicone wine cup 12.5oz bulk ...,HSWE031870,672649249487,0.50,120
Illinois silicone wine cup 12.5oz - whole...,HSWE031868,362649249371,0.50,120
What up? silicone wine cup 12.5oz,HSWE031867,672649291479,0.50,120
Favorite co-worker silicone wine cup 12.5oz,HSWE031865,672649156174,0.50,120
Washington silicone wine cup 12.5oz - bul...,HSWE031858,672649249579,0.50,120
Pirates mug 13.5oz,HSWE031855,672649290410,1.00,24
"Best grandma ever sign 4""x4""",HSWE031852,672649158635,0.30,40
Peace silicone wine cup 12.5oz,HSWE031847,672649151841,0.50,120
Gayborhood mug 18oz,HSWE031846,672649155566,1.50,24
Nevada campfire mug 13.5oz,HSWE031831,672649221490,1.00,24
"You are enough sign 4""x4""",HSWE031821,672649298478,0.30,108
"Lower the latitude sign 4""x4""",HSWE031820,672649298331,0.30,108
"Don't worry beach happy sign 4""x4""",HSWE031819,672649298324,0.30,108
"Let it be about love sign 4""x4""",HSWE031814,672649291967,0.30,108
"Keep smiling sign 4""x4""",HSWE031812,672649291929,0.30,108
Best gay ever mug 18oz,HSWE031794,672649155559,1.50,24
Let it be badge reel,HSWE031774,703800027962,0.25,432
Tan & tipsy silicone wine cup 12.5oz,HSWE031755,672649306975,0.50,120
Feelin' groovy silicone wine cup 12.5oz,HSWE031745,672649151803,0.50,120
Retail therapy card case,HSWE031741,672649296542,0.50,200
Livin' the scrub life card case,HSWE031740,672649296528,0.50,200
I got problems card case,HSWE031739,672649296498,0.50,200
Girls just want to have fund$ card case,HSWE031738,672649296474,0.50,200
Add to cart card case,HSWE031737,672649296467,0.50,200
Class of 2020 face mask,HEAL032363,672649296078,0.25,400
Only talking face mask,HEAL032040,672649859754,0.25,400
Sp bulbhead star shower ultra 9 indoor fl...,ELEC028640,16682,0.25,1
Corrugated 24-piece block sign display fi...,DISP032321,672649163622,0.50,40
Mrs. compact mirror,BEAU032340,672649225283,0.50,120
I put the bi in bitch small cosmetic bag,BEAU032021,672649155092,0.75,102
Core values smilesonic pro platinum clean...,BEAU024047,071031106283,0.15,36
Halloween cookie cutter grippy bat 1 ct ni,BAKE030659,070896163561,0.05,36
South carolina car air freshener 2pc,AUTO032346,703800022806,0.50,192
Proud parent small car air freshener 2pc,AUTO032344,672649297051,0.30,192
Another day in paradise car air freshener,AUTO032104,672649351173,0.50,192
Happy camper car coaster,AUTO031784,672649163257,0.30,216
Proud parent car coaster,AUTO031782,672649162342,0.30,216
Rv having fun yet? car coaster,AUTO031780,672649161710,0.30,216
Lakin' it easy car coaster,AUTO031776,672649161611,0.30,216
